X_Mill1_Leh_100300000000_Leh_Atta	71.28
X_Mill1_Leh_100300000000_Leh_Wheat1	1.0
X_Mill1_Leh_100300100001_Leh_Atta	71.28
X_Mill1_Leh_100300100001_Leh_Wheat1	1.0
X_Mill1_Leh_100300100002_Leh_Atta	81.69
X_Mill1_Leh_100300100002_Leh_Wheat1	1.0
X_Mill1_Leh_100300100003_Leh_Atta	78.87
X_Mill1_Leh_100300100003_Leh_Wheat1	1.0
X_Mill1_Leh_100300100004_Leh_Atta	61.95
X_Mill1_Leh_100300100004_Leh_Wheat1	1.0
X_Mill1_Leh_100300100009_Leh_Atta	90.72
X_Mill1_Leh_100300100009_Leh_Wheat1	1.0
X_Mill1_Leh_100300100010_Leh_Atta	49.11
X_Mill1_Leh_100300100010_Leh_Wheat1	1.0
X_Mill1_Leh_100300100011_Leh_Atta	24.09
X_Mill1_Leh_100300100011_Leh_Wheat1	1.0
X_Mill1_Leh_100300100012_Leh_Atta	20.61
X_Mill1_Leh_100300100012_Leh_Wheat1	1.0
X_Mill1_Leh_100300100013_Leh_Atta	15.3
X_Mill1_Leh_100300100013_Leh_Wheat1	1.0
X_Mill1_Leh_100300100014_Leh_Atta	21.57
X_Mill1_Leh_100300100014_Leh_Wheat1	1.0
X_Mill1_Leh_100300100015_Leh_Atta	17.16
X_Mill1_Leh_100300100015_Leh_Wheat1	1.0
X_Mill1_Leh_100300100016_Leh_Atta	13.8
X_Mill1_Leh_100300100016_Leh_Wheat1	1.0
X_Mill1_Leh_100300100043_Leh_Atta	14.37
X_Mill1_Leh_100300100043_Leh_Wheat1	1.0
X_Mill1_Leh_100300100044_Leh_Atta	11.49
X_Mill1_Leh_100300100044_Leh_Wheat1	1.0
X_Mill1_Leh_100300100045_Leh_Atta	26.43
X_Mill1_Leh_100300100045_Leh_Wheat1	1.0
X_Mill1_Leh_100300100046_Leh_Atta	16.14
X_Mill1_Leh_100300100046_Leh_Wheat1	1.0
X_Mill1_Leh_100300100047_Leh_Atta	18.06
X_Mill1_Leh_100300100047_Leh_Wheat1	1.0
X_Mill1_Leh_100300100048_Leh_Atta	44.61
X_Mill1_Leh_100300100048_Leh_Wheat1	1.0
X_Mill1_Leh_100300100049_Leh_Atta	19.26
X_Mill1_Leh_100300100049_Leh_Wheat1	1.0
X_Mill1_Leh_100300100050_Leh_Atta	15.6
X_Mill1_Leh_100300100050_Leh_Wheat1	1.0
X_Mill1_Leh_100300100051_Leh_Atta	69.57
X_Mill1_Leh_100300100051_Leh_Wheat1	1.0
X_Mill1_Leh_100300100052_Leh_Atta	29.46
X_Mill1_Leh_100300100052_Leh_Wheat1	1.0
X_Mill1_Leh_100300100053_Leh_Atta	19.77
X_Mill1_Leh_100300100053_Leh_Wheat1	1.0
X_Mill1_Leh_100300100054_Leh_Atta	7.2
X_Mill1_Leh_100300100054_Leh_Wheat1	1.0
X_Mill1_Leh_100300100055_Leh_Atta	7.59
X_Mill1_Leh_100300100055_Leh_Wheat1	1.0
X_Mill1_Leh_100300100056_Leh_Atta	9.84
X_Mill1_Leh_100300100056_Leh_Wheat1	1.0
X_Mill1_Leh_100300100057_Leh_Atta	14.91
X_Mill1_Leh_100300100057_Leh_Wheat1	1.0
X_Mill1_Leh_100300100058_Leh_Atta	3.63
X_Mill1_Leh_100300100058_Leh_Wheat1	1.0
X_Mill1_Leh_100300100060_Leh_Atta	1.29
X_Mill1_Leh_100300100060_Leh_Wheat1	1.0
X_Mill1_Leh_100300100061_Leh_Atta	27.24
X_Mill1_Leh_100300100061_Leh_Wheat1	1.0
X_Mill1_Leh_100300100063_Leh_Atta	15.69
X_Mill1_Leh_100300100063_Leh_Wheat1	1.0
X_Mill1_Leh_100300100064_Leh_Atta	27.96
X_Mill1_Leh_100300100064_Leh_Wheat1	1.0
X_Mill1_Leh_100300100065_Leh_Atta	9.54
X_Mill1_Leh_100300100065_Leh_Wheat1	1.0
X_Mill1_Leh_100300100066_Leh_Atta	3.84
X_Mill1_Leh_100300100066_Leh_Wheat1	1.0
X_Mill1_Leh_100300100067_Leh_Atta	20.67
X_Mill1_Leh_100300100067_Leh_Wheat1	1.0
X_Mill1_Leh_100300100068_Leh_Atta	18.21
X_Mill1_Leh_100300100068_Leh_Wheat1	1.0
X_Mill1_Leh_100300100069_Leh_Atta	1.98
X_Mill1_Leh_100300100069_Leh_Wheat1	1.0
X_Mill1_Leh_100300100070_Leh_Atta	2.55
X_Mill1_Leh_100300100070_Leh_Wheat1	1.0
X_Mill1_Leh_100300100073_Leh_Atta	40.5
X_Mill1_Leh_100300100073_Leh_Wheat1	1.0
X_Mill1_Leh_100300100074_Leh_Atta	9.48
X_Mill1_Leh_100300100074_Leh_Wheat1	1.0
X_Mill1_Leh_100300100075_Leh_Atta	11.97
X_Mill1_Leh_100300100075_Leh_Wheat1	1.0
X_Mill1_Leh_100300100076_Leh_Atta	2.94
X_Mill1_Leh_100300100076_Leh_Wheat1	1.0
X_Mill1_Leh_100300100077_Leh_Atta	24.6
X_Mill1_Leh_100300100077_Leh_Wheat1	1.0
X_Mill1_Leh_100300100079_Leh_Atta	4.53
X_Mill1_Leh_100300100079_Leh_Wheat1	1.0
X_Mill1_Leh_100300100080_Leh_Atta	24.69
X_Mill1_Leh_100300100080_Leh_Wheat1	1.0
X_Mill1_Leh_100300400001_Leh_Atta	33.33
X_Mill1_Leh_100300400001_Leh_Wheat1	1.0
X_Mill1_Leh_100300400002_Leh_Atta	18.6
X_Mill1_Leh_100300400002_Leh_Wheat1	1.0
X_Mill1_Leh_100300400003_Leh_Atta	20.97
X_Mill1_Leh_100300400003_Leh_Wheat1	1.0
X_Mill1_Leh_100300400004_Leh_Atta	21.06
X_Mill1_Leh_100300400004_Leh_Wheat1	1.0
X_Mill1_Leh_100300400005_Leh_Atta	28.41
X_Mill1_Leh_100300400005_Leh_Wheat1	1.0
X_Mill1_Leh_100300400007_Leh_Atta	15.39
X_Mill1_Leh_100300400007_Leh_Wheat1	1.0
X_Mill1_Leh_100300400008_Leh_Atta	12.9
X_Mill1_Leh_100300400008_Leh_Wheat1	1.0
X_Mill1_Leh_100300400009_Leh_Atta	25.44
X_Mill1_Leh_100300400009_Leh_Wheat1	1.0
X_Mill1_Leh_100300400010_Leh_Atta	41.19
X_Mill1_Leh_100300400010_Leh_Wheat1	1.0
X_Mill1_Leh_100300400011_Leh_Atta	11.82
X_Mill1_Leh_100300400011_Leh_Wheat1	1.0
X_Mill1_Leh_100300400012_Leh_Atta	29.28
X_Mill1_Leh_100300400012_Leh_Wheat1	1.0
X_Mill1_Leh_100300400013_Leh_Atta	30.48
X_Mill1_Leh_100300400013_Leh_Wheat1	1.0
X_Mill1_Leh_100300400014_Leh_Atta	27.03
X_Mill1_Leh_100300400014_Leh_Wheat1	1.0
X_Mill1_Leh_100300400015_Leh_Atta	5.82
X_Mill1_Leh_100300400015_Leh_Wheat1	1.0
X_Mill1_Leh_100300400016_Leh_Atta	12.48
X_Mill1_Leh_100300400016_Leh_Wheat1	1.0
X_Mill1_Leh_100300400017_Leh_Atta	18.27
X_Mill1_Leh_100300400017_Leh_Wheat1	1.0
X_Mill1_Leh_100300400018_Leh_Atta	23.34
X_Mill1_Leh_100300400018_Leh_Wheat1	1.0
X_Mill1_Leh_100300400019_Leh_Atta	12.96
X_Mill1_Leh_100300400019_Leh_Wheat1	1.0
X_Mill1_Leh_100300400020_Leh_Atta	10.89
X_Mill1_Leh_100300400020_Leh_Wheat1	1.0
X_Mill1_Leh_100300400021_Leh_Atta	15.51
X_Mill1_Leh_100300400021_Leh_Wheat1	1.0
X_Mill1_Leh_100300400022_Leh_Atta	7.53
X_Mill1_Leh_100300400022_Leh_Wheat1	1.0
X_Mill1_Leh_100300400023_Leh_Atta	27.96
X_Mill1_Leh_100300400023_Leh_Wheat1	1.0
X_Mill1_Leh_100300500001_Leh_Atta	37.53
X_Mill1_Leh_100300500001_Leh_Wheat1	1.0
X_Mill1_Leh_100300500004_Leh_Atta	11.55
X_Mill1_Leh_100300500004_Leh_Wheat1	1.0
X_Mill1_Leh_100300500005_Leh_Atta	9.27
X_Mill1_Leh_100300500005_Leh_Wheat1	1.0
X_Mill1_Leh_100300500008_Leh_Atta	2.61
X_Mill1_Leh_100300500008_Leh_Wheat1	1.0
X_Mill1_Leh_100300500013_Leh_Atta	21.33
X_Mill1_Leh_100300500013_Leh_Wheat1	1.0
X_Mill1_Leh_100300500015_Leh_Atta	3.6
X_Mill1_Leh_100300500015_Leh_Wheat1	1.0
X_Mill1_Leh_100300500017_Leh_Atta	10.71
X_Mill1_Leh_100300500017_Leh_Wheat1	1.0
X_Mill1_Leh_100300500019_Leh_Atta	4.38
X_Mill1_Leh_100300500019_Leh_Wheat1	1.0
X_Mill1_Leh_100300500020_Leh_Atta	7.11
X_Mill1_Leh_100300500020_Leh_Wheat1	1.0
X_Mill1_Leh_100300500024_Leh_Atta	11.7
X_Mill1_Leh_100300500024_Leh_Wheat1	1.0
X_Mill1_Leh_100300500025_Leh_Atta	27.81
X_Mill1_Leh_100300500025_Leh_Wheat1	1.0
X_Mill1_Leh_100300500026_Leh_Atta	1.83
X_Mill1_Leh_100300500026_Leh_Wheat1	1.0
X_Mill1_Leh_100300500027_Leh_Atta	13.26
X_Mill1_Leh_100300500027_Leh_Wheat1	1.0
X_Mill1_Leh_100300500028_Leh_Atta	7.74
X_Mill1_Leh_100300500028_Leh_Wheat1	1.0
X_Mill1_Leh_100300500030_Leh_Atta	7.92
X_Mill1_Leh_100300500030_Leh_Wheat1	1.0
X_Mill1_Leh_100300500031_Leh_Atta	11.28
X_Mill1_Leh_100300500031_Leh_Wheat1	1.0
X_Mill1_Leh_100300500032_Leh_Atta	2.52
X_Mill1_Leh_100300500032_Leh_Wheat1	1.0
X_Mill1_Leh_100300500034_Leh_Atta	12.18
X_Mill1_Leh_100300500034_Leh_Wheat1	1.0
X_Mill1_Leh_100300500036_Leh_Atta	6.12
X_Mill1_Leh_100300500036_Leh_Wheat1	1.0
X_Mill1_Leh_100300500038_Leh_Atta	4.44
X_Mill1_Leh_100300500038_Leh_Wheat1	1.0
X_Mill1_Leh_100300500039_Leh_Atta	5.67
X_Mill1_Leh_100300500039_Leh_Wheat1	1.0
X_Mill1_Leh_100300500040_Leh_Atta	7.92
X_Mill1_Leh_100300500040_Leh_Wheat1	1.0
X_Mill1_Leh_100300500042_Leh_Atta	4.98
X_Mill1_Leh_100300500042_Leh_Wheat1	1.0
X_Mill1_Leh_100300600001_Leh_Atta	7.98
X_Mill1_Leh_100300600001_Leh_Wheat1	1.0
X_Mill1_Leh_100300600002_Leh_Atta	2.64
X_Mill1_Leh_100300600002_Leh_Wheat1	1.0
X_Mill1_Leh_100300600003_Leh_Atta	3.03
X_Mill1_Leh_100300600003_Leh_Wheat1	1.0
X_Mill1_Leh_100300600004_Leh_Atta	5.91
X_Mill1_Leh_100300600004_Leh_Wheat1	1.0
X_Mill1_Leh_100300600005_Leh_Atta	11.46
X_Mill1_Leh_100300600005_Leh_Wheat1	1.0
X_Mill1_Leh_100300600006_Leh_Atta	9.33
X_Mill1_Leh_100300600006_Leh_Wheat1	1.0
X_Mill1_Leh_100300600007_Leh_Atta	5.16
X_Mill1_Leh_100300600007_Leh_Wheat1	1.0
X_Mill1_Leh_100300600008_Leh_Atta	21.78
X_Mill1_Leh_100300600008_Leh_Wheat1	1.0
X_Mill1_Leh_100300600009_Leh_Atta	6.06
X_Mill1_Leh_100300600009_Leh_Wheat1	1.0
X_Mill1_Leh_100300600010_Leh_Atta	0.75
X_Mill1_Leh_100300600010_Leh_Wheat1	1.0
X_Mill1_Leh_100300600011_Leh_Atta	8.25
X_Mill1_Leh_100300600011_Leh_Wheat1	1.0
X_Mill1_Leh_100300600012_Leh_Atta	27.66
X_Mill1_Leh_100300600012_Leh_Wheat1	1.0
X_Mill1_Leh_100300600013_Leh_Atta	5.46
X_Mill1_Leh_100300600013_Leh_Wheat1	1.0
X_Mill1_Leh_100300600015_Leh_Atta	11.1
X_Mill1_Leh_100300600015_Leh_Wheat1	1.0
X_Mill1_Leh_100300600016_Leh_Atta	5.19
X_Mill1_Leh_100300600016_Leh_Wheat1	1.0
X_Mill1_Leh_100300600017_Leh_Atta	18.3
X_Mill1_Leh_100300600017_Leh_Wheat1	1.0
X_Mill1_Leh_100300600018_Leh_Atta	5.61
X_Mill1_Leh_100300600018_Leh_Wheat1	1.0
X_Mill1_Leh_100300600019_Leh_Atta	2.49
X_Mill1_Leh_100300600019_Leh_Wheat1	1.0
X_Mill1_Leh_100300600020_Leh_Atta	3.39
X_Mill1_Leh_100300600020_Leh_Wheat1	1.0
X_Mill1_Leh_100300600021_Leh_Atta	2.4
X_Mill1_Leh_100300600021_Leh_Wheat1	1.0
X_Mill1_Leh_100300600022_Leh_Atta	6.0
X_Mill1_Leh_100300600022_Leh_Wheat1	1.0
X_Mill1_Leh_100300600023_Leh_Atta	10.35
X_Mill1_Leh_100300600023_Leh_Wheat1	1.0
X_Mill1_Leh_100300600024_Leh_Atta	5.67
X_Mill1_Leh_100300600024_Leh_Wheat1	1.0
X_Mill1_Leh_100300600025_Leh_Atta	6.96
X_Mill1_Leh_100300600025_Leh_Wheat1	1.0
X_Mill1_Leh_100300600026_Leh_Atta	10.8
X_Mill1_Leh_100300600026_Leh_Wheat1	1.0
X_Mill1_Leh_100300600027_Leh_Atta	7.95
X_Mill1_Leh_100300600027_Leh_Wheat1	1.0
X_Mill1_Leh_100300600028_Leh_Atta	3.42
X_Mill1_Leh_100300600028_Leh_Wheat1	1.0
X_Mill1_Leh_100300600029_Leh_Atta	8.97
X_Mill1_Leh_100300600029_Leh_Wheat1	1.0
X_Mill1_Leh_100300900003_Leh_Atta	12.84
X_Mill1_Leh_100300900003_Leh_Wheat1	1.0
X_Mill1_Leh_100300900012_Leh_Atta	7.68
X_Mill1_Leh_100300900012_Leh_Wheat1	1.0
X_Mill1_Leh_100300900017_Leh_Atta	12.0
X_Mill1_Leh_100300900017_Leh_Wheat1	1.0
X_Mill1_Leh_100300900019_Leh_Atta	24.42
X_Mill1_Leh_100300900019_Leh_Wheat1	1.0
X_Mill1_Leh_100300900020_Leh_Atta	32.82
X_Mill1_Leh_100300900020_Leh_Wheat1	1.0
X_Mill1_Leh_100300900025_Leh_Atta	6.51
X_Mill1_Leh_100300900025_Leh_Wheat1	1.0
X_Mill1_Leh_100300900032_Leh_Atta	21.42
X_Mill1_Leh_100300900032_Leh_Wheat1	1.0
X_Mill1_Leh_100301000000_Leh_Atta	37.53
X_Mill1_Leh_100301000000_Leh_Wheat1	1.0
X_Mill1_Leh_100301000001_Leh_Atta	7.08
X_Mill1_Leh_100301000001_Leh_Wheat1	1.0
X_Mill1_Leh_100301000002_Leh_Atta	8.43
X_Mill1_Leh_100301000002_Leh_Wheat1	1.0
X_Mill1_Leh_100301000003_Leh_Atta	19.29
X_Mill1_Leh_100301000003_Leh_Wheat1	1.0
X_Mill1_Leh_100301000004_Leh_Atta	4.23
X_Mill1_Leh_100301000004_Leh_Wheat1	1.0
X_Mill1_Leh_100301000005_Leh_Atta	32.22
X_Mill1_Leh_100301000005_Leh_Wheat1	1.0
X_Mill1_Leh_100301000006_Leh_Atta	6.21
X_Mill1_Leh_100301000006_Leh_Wheat1	1.0
X_Mill1_Leh_100301000007_Leh_Atta	7.5600000000000005
X_Mill1_Leh_100301000007_Leh_Wheat1	1.0
X_Mill1_Leh_100301000008_Leh_Atta	23.16
X_Mill1_Leh_100301000008_Leh_Wheat1	1.0
X_Mill1_Leh_100301000009_Leh_Atta	15.63
X_Mill1_Leh_100301000009_Leh_Wheat1	1.0
X_Mill1_Leh_100301000010_Leh_Atta	2.85
X_Mill1_Leh_100301000010_Leh_Wheat1	1.0
X_Mill1_Leh_100301000011_Leh_Atta	17.43
X_Mill1_Leh_100301000011_Leh_Wheat1	1.0
X_Mill1_Leh_100301000012_Leh_Atta	6.93
X_Mill1_Leh_100301000012_Leh_Wheat1	1.0
X_Mill1_Leh_100301000013_Leh_Atta	2.73
X_Mill1_Leh_100301000013_Leh_Wheat1	1.0
X_Mill1_Leh_100301000014_Leh_Atta	5.64
X_Mill1_Leh_100301000014_Leh_Wheat1	1.0
X_Mill1_Leh_100301000015_Leh_Atta	0.45
X_Mill1_Leh_100301000015_Leh_Wheat1	1.0
X_Mill1_Leh_100301000016_Leh_Atta	9.93
X_Mill1_Leh_100301000016_Leh_Wheat1	1.0
X_Mill1_Leh_100301000017_Leh_Atta	1.26
X_Mill1_Leh_100301000017_Leh_Wheat1	1.0
X_Mill1_Leh_100301100001_Leh_Atta	1.2
X_Mill1_Leh_100301100001_Leh_Wheat1	1.0
X_Mill1_Leh_100301100002_Leh_Atta	7.83
X_Mill1_Leh_100301100002_Leh_Wheat1	1.0
X_Mill1_Leh_100301100003_Leh_Atta	4.26
X_Mill1_Leh_100301100003_Leh_Wheat1	1.0
X_Mill1_Leh_100301100005_Leh_Atta	11.82
X_Mill1_Leh_100301100005_Leh_Wheat1	1.0
X_Mill1_Leh_100301100006_Leh_Atta	10.23
X_Mill1_Leh_100301100006_Leh_Wheat1	1.0
X_Mill1_Leh_100301100007_Leh_Atta	19.41
X_Mill1_Leh_100301100007_Leh_Wheat1	1.0
X_Mill1_Leh_100301100008_Leh_Atta	15.24
X_Mill1_Leh_100301100008_Leh_Wheat1	1.0
X_Mill1_Leh_100301100009_Leh_Atta	44.55
X_Mill1_Leh_100301100009_Leh_Wheat1	1.0
X_Mill1_Leh_100301100010_Leh_Atta	5.85
X_Mill1_Leh_100301100010_Leh_Wheat1	1.0
X_Mill1_Leh_100301100011_Leh_Atta	13.89
X_Mill1_Leh_100301100011_Leh_Wheat1	1.0
X_Mill1_Leh_100301100012_Leh_Atta	8.85
X_Mill1_Leh_100301100012_Leh_Wheat1	1.0
X_Mill1_Leh_100301100013_Leh_Atta	7.98
X_Mill1_Leh_100301100013_Leh_Wheat1	1.0
X_Mill1_Leh_100301100014_Leh_Atta	27.84
X_Mill1_Leh_100301100014_Leh_Wheat1	1.0
X_Mill1_Leh_100301100015_Leh_Atta	24.0
X_Mill1_Leh_100301100015_Leh_Wheat1	1.0
X_Mill1_Leh_100301100016_Leh_Atta	40.62
X_Mill1_Leh_100301100016_Leh_Wheat1	1.0
X_Mill1_Leh_100301100017_Leh_Atta	9.09
X_Mill1_Leh_100301100017_Leh_Wheat1	1.0
X_Mill1_Leh_100301100018_Leh_Atta	40.98
X_Mill1_Leh_100301100018_Leh_Wheat1	1.0
X_Mill1_Leh_100301100019_Leh_Atta	41.85
X_Mill1_Leh_100301100019_Leh_Wheat1	1.0
X_Mill1_Leh_100301100020_Leh_Atta	6.66
X_Mill1_Leh_100301100020_Leh_Wheat1	1.0
X_Mill1_Leh_100301100021_Leh_Atta	31.95
X_Mill1_Leh_100301100021_Leh_Wheat1	1.0
X_Mill1_Leh_100301100022_Leh_Atta	5.07
X_Mill1_Leh_100301100022_Leh_Wheat1	1.0
X_Mill1_Leh_100301100023_Leh_Atta	4.47
X_Mill1_Leh_100301100023_Leh_Wheat1	1.0
X_Mill1_Leh_100301100024_Leh_Atta	15.12
X_Mill1_Leh_100301100024_Leh_Wheat1	1.0
X_Mill1_Leh_100301200001_Leh_Atta	20.85
X_Mill1_Leh_100301200001_Leh_Wheat1	1.0
X_Mill1_Leh_100301200002_Leh_Atta	12.36
X_Mill1_Leh_100301200002_Leh_Wheat1	1.0
X_Mill1_Leh_100301200003_Leh_Atta	16.05
X_Mill1_Leh_100301200003_Leh_Wheat1	1.0
X_Mill1_Leh_100301200004_Leh_Atta	22.92
X_Mill1_Leh_100301200004_Leh_Wheat1	1.0
X_Mill1_Leh_100301200005_Leh_Atta	34.29
X_Mill1_Leh_100301200005_Leh_Wheat1	1.0
X_Mill1_Leh_100301200006_Leh_Atta	4.23
X_Mill1_Leh_100301200006_Leh_Wheat1	1.0
X_Mill1_Leh_100301200007_Leh_Atta	18.27
X_Mill1_Leh_100301200007_Leh_Wheat1	1.0
X_Mill1_Leh_100301200008_Leh_Atta	13.17
X_Mill1_Leh_100301200008_Leh_Wheat1	1.0
X_Mill1_Leh_100301200009_Leh_Atta	0.09
X_Mill1_Leh_100301200009_Leh_Wheat1	1.0
X_Mill1_Leh_100301300001_Leh_Atta	1.92
X_Mill1_Leh_100301300001_Leh_Wheat1	1.0
X_Mill1_Leh_100301300002_Leh_Atta	5.46
X_Mill1_Leh_100301300002_Leh_Wheat1	1.0
X_Mill1_Leh_100301300003_Leh_Atta	25.41
X_Mill1_Leh_100301300003_Leh_Wheat1	1.0
X_Mill1_Leh_100301300004_Leh_Atta	8.94
X_Mill1_Leh_100301300004_Leh_Wheat1	1.0
X_Mill1_Leh_100301300005_Leh_Atta	1.74
X_Mill1_Leh_100301300005_Leh_Wheat1	1.0
X_Mill1_Leh_100301300006_Leh_Atta	18.54
X_Mill1_Leh_100301300006_Leh_Wheat1	1.0
X_Mill1_Leh_100301300007_Leh_Atta	3.45
X_Mill1_Leh_100301300007_Leh_Wheat1	1.0
X_Mill1_Leh_100301300008_Leh_Atta	29.1
X_Mill1_Leh_100301300008_Leh_Wheat1	1.0
X_Mill1_Leh_100301300009_Leh_Atta	1.95
X_Mill1_Leh_100301300009_Leh_Wheat1	1.0
X_Mill1_Leh_100301300010_Leh_Atta	1.92
X_Mill1_Leh_100301300010_Leh_Wheat1	1.0
X_Mill1_Leh_100301300011_Leh_Atta	15.27
X_Mill1_Leh_100301300011_Leh_Wheat1	1.0
X_Mill1_Leh_100400300021_Kargil_Atta	15.63
X_Mill1_Leh_100400300021_Kargil_Wheat1	1.0
X_Mill1_Leh_100400900018_Kargil_Atta	19.26
X_Mill1_Leh_100400900018_Kargil_Wheat1	1.0
X_Mill1_Leh_100400900020_Kargil_Atta	6.12
X_Mill1_Leh_100400900020_Kargil_Wheat1	1.0
X_Mill1_Leh_100400900022_Kargil_Atta	22.47
X_Mill1_Leh_100400900022_Kargil_Wheat1	1.0
X_Mill2_Kargil_100300500016_Leh_Atta	18.3
X_Mill2_Kargil_100300500016_Leh_Wheat1	1.0
X_Mill2_Kargil_100300900002_Leh_Atta	6.48
X_Mill2_Kargil_100300900002_Leh_Wheat1	1.0
X_Mill2_Kargil_100300900004_Leh_Atta	6.75
X_Mill2_Kargil_100300900004_Leh_Wheat1	1.0
X_Mill2_Kargil_100300900006_Leh_Atta	13.08
X_Mill2_Kargil_100300900006_Leh_Wheat1	1.0
X_Mill2_Kargil_100300900008_Leh_Atta	7.95
X_Mill2_Kargil_100300900008_Leh_Wheat1	1.0
X_Mill2_Kargil_100300900009_Leh_Atta	18.21
X_Mill2_Kargil_100300900009_Leh_Wheat1	1.0
X_Mill2_Kargil_100300900010_Leh_Atta	9.03
X_Mill2_Kargil_100300900010_Leh_Wheat1	1.0
X_Mill2_Kargil_100300900011_Leh_Atta	15.18
X_Mill2_Kargil_100300900011_Leh_Wheat1	1.0
X_Mill2_Kargil_100300900015_Leh_Atta	42.99
X_Mill2_Kargil_100300900015_Leh_Wheat1	1.0
X_Mill2_Kargil_100300900021_Leh_Atta	19.26
X_Mill2_Kargil_100300900021_Leh_Wheat1	1.0
X_Mill2_Kargil_100300900022_Leh_Atta	6.42
X_Mill2_Kargil_100300900022_Leh_Wheat1	1.0
X_Mill2_Kargil_100300900026_Leh_Atta	13.62
X_Mill2_Kargil_100300900026_Leh_Wheat1	1.0
X_Mill2_Kargil_100300900031_Leh_Atta	16.29
X_Mill2_Kargil_100300900031_Leh_Wheat1	1.0
X_Mill2_Kargil_100300900035_Leh_Atta	13.08
X_Mill2_Kargil_100300900035_Leh_Wheat1	1.0
X_Mill2_Kargil_100300900036_Leh_Atta	5.55
X_Mill2_Kargil_100300900036_Leh_Wheat1	1.0
X_Mill2_Kargil_100300900037_Leh_Atta	3.6
X_Mill2_Kargil_100300900037_Leh_Wheat1	1.0
X_Mill2_Kargil_100300900038_Leh_Atta	3.21
X_Mill2_Kargil_100300900038_Leh_Wheat1	1.0
X_Mill2_Kargil_100300900039_Leh_Atta	3.51
X_Mill2_Kargil_100300900039_Leh_Wheat1	1.0
X_Mill2_Kargil_100300900040_Leh_Atta	2.31
X_Mill2_Kargil_100300900040_Leh_Wheat1	1.0
X_Mill2_Kargil_100300900042_Leh_Atta	12.24
X_Mill2_Kargil_100300900042_Leh_Wheat1	1.0
X_Mill2_Kargil_100400000000_Kargil_Atta	12.33
X_Mill2_Kargil_100400000000_Kargil_Wheat1	1.0
X_Mill2_Kargil_100400100001_Kargil_Atta	12.33
X_Mill2_Kargil_100400100001_Kargil_Wheat1	1.0
X_Mill2_Kargil_100400100002_Kargil_Atta	5.34
X_Mill2_Kargil_100400100002_Kargil_Wheat1	1.0
X_Mill2_Kargil_100400100003_Kargil_Atta	21.78
X_Mill2_Kargil_100400100003_Kargil_Wheat1	1.0
X_Mill2_Kargil_100400100004_Kargil_Atta	20.37
X_Mill2_Kargil_100400100004_Kargil_Wheat1	1.0
X_Mill2_Kargil_100400100005_Kargil_Atta	13.44
X_Mill2_Kargil_100400100005_Kargil_Wheat1	1.0
X_Mill2_Kargil_100400100006_Kargil_Atta	13.53
X_Mill2_Kargil_100400100006_Kargil_Wheat1	1.0
X_Mill2_Kargil_100400100007_Kargil_Atta	17.49
X_Mill2_Kargil_100400100007_Kargil_Wheat1	1.0
X_Mill2_Kargil_100400100008_Kargil_Atta	13.74
X_Mill2_Kargil_100400100008_Kargil_Wheat1	1.0
X_Mill2_Kargil_100400100009_Kargil_Atta	24.15
X_Mill2_Kargil_100400100009_Kargil_Wheat1	1.0
X_Mill2_Kargil_100400100010_Kargil_Atta	10.8
X_Mill2_Kargil_100400100010_Kargil_Wheat1	1.0
X_Mill2_Kargil_100400100011_Kargil_Atta	68.28
X_Mill2_Kargil_100400100011_Kargil_Wheat1	1.0
X_Mill2_Kargil_100400100012_Kargil_Atta	108.75
X_Mill2_Kargil_100400100012_Kargil_Wheat1	1.0
X_Mill2_Kargil_100400100013_Kargil_Atta	42.42
X_Mill2_Kargil_100400100013_Kargil_Wheat1	1.0
X_Mill2_Kargil_100400100014_Kargil_Atta	63.48
X_Mill2_Kargil_100400100014_Kargil_Wheat1	1.0
X_Mill2_Kargil_100400100015_Kargil_Atta	43.8
X_Mill2_Kargil_100400100015_Kargil_Wheat1	1.0
X_Mill2_Kargil_100400100016_Kargil_Atta	23.01
X_Mill2_Kargil_100400100016_Kargil_Wheat1	1.0
X_Mill2_Kargil_100400100017_Kargil_Atta	37.23
X_Mill2_Kargil_100400100017_Kargil_Wheat1	1.0
X_Mill2_Kargil_100400100018_Kargil_Atta	33.15
X_Mill2_Kargil_100400100018_Kargil_Wheat1	1.0
X_Mill2_Kargil_100400100019_Kargil_Atta	42.81
X_Mill2_Kargil_100400100019_Kargil_Wheat1	1.0
X_Mill2_Kargil_100400100020_Kargil_Atta	63.54
X_Mill2_Kargil_100400100020_Kargil_Wheat1	1.0
X_Mill2_Kargil_100400200001_Kargil_Atta	18.39
X_Mill2_Kargil_100400200001_Kargil_Wheat1	1.0
X_Mill2_Kargil_100400200003_Kargil_Atta	28.71
X_Mill2_Kargil_100400200003_Kargil_Wheat1	1.0
X_Mill2_Kargil_100400200004_Kargil_Atta	8.19
X_Mill2_Kargil_100400200004_Kargil_Wheat1	1.0
X_Mill2_Kargil_100400200005_Kargil_Atta	19.56
X_Mill2_Kargil_100400200005_Kargil_Wheat1	1.0
X_Mill2_Kargil_100400200006_Kargil_Atta	2.37
X_Mill2_Kargil_100400200006_Kargil_Wheat1	1.0
X_Mill2_Kargil_100400200007_Kargil_Atta	14.25
X_Mill2_Kargil_100400200007_Kargil_Wheat1	1.0
X_Mill2_Kargil_100400200008_Kargil_Atta	17.55
X_Mill2_Kargil_100400200008_Kargil_Wheat1	1.0
X_Mill2_Kargil_100400200009_Kargil_Atta	18.57
X_Mill2_Kargil_100400200009_Kargil_Wheat1	1.0
X_Mill2_Kargil_100400200010_Kargil_Atta	35.76
X_Mill2_Kargil_100400200010_Kargil_Wheat1	1.0
X_Mill2_Kargil_100400200011_Kargil_Atta	23.22
X_Mill2_Kargil_100400200011_Kargil_Wheat1	1.0
X_Mill2_Kargil_100400200012_Kargil_Atta	6.63
X_Mill2_Kargil_100400200012_Kargil_Wheat1	1.0
X_Mill2_Kargil_100400200013_Kargil_Atta	20.1
X_Mill2_Kargil_100400200013_Kargil_Wheat1	1.0
X_Mill2_Kargil_100400200014_Kargil_Atta	16.92
X_Mill2_Kargil_100400200014_Kargil_Wheat1	1.0
X_Mill2_Kargil_100400200015_Kargil_Atta	53.22
X_Mill2_Kargil_100400200015_Kargil_Wheat1	1.0
X_Mill2_Kargil_100400200016_Kargil_Atta	6.36
X_Mill2_Kargil_100400200016_Kargil_Wheat1	1.0
X_Mill2_Kargil_100400200017_Kargil_Atta	16.32
X_Mill2_Kargil_100400200017_Kargil_Wheat1	1.0
X_Mill2_Kargil_100400200018_Kargil_Atta	17.49
X_Mill2_Kargil_100400200018_Kargil_Wheat1	1.0
X_Mill2_Kargil_100400300001_Kargil_Atta	28.77
X_Mill2_Kargil_100400300001_Kargil_Wheat1	1.0
X_Mill2_Kargil_100400300002_Kargil_Atta	5.19
X_Mill2_Kargil_100400300002_Kargil_Wheat1	1.0
X_Mill2_Kargil_100400300003_Kargil_Atta	5.34
X_Mill2_Kargil_100400300003_Kargil_Wheat1	1.0
X_Mill2_Kargil_100400300004_Kargil_Atta	8.55
X_Mill2_Kargil_100400300004_Kargil_Wheat1	1.0
X_Mill2_Kargil_100400300006_Kargil_Atta	28.02
X_Mill2_Kargil_100400300006_Kargil_Wheat1	1.0
X_Mill2_Kargil_100400300007_Kargil_Atta	14.64
X_Mill2_Kargil_100400300007_Kargil_Wheat1	1.0
X_Mill2_Kargil_100400300009_Kargil_Atta	32.16
X_Mill2_Kargil_100400300009_Kargil_Wheat1	1.0
X_Mill2_Kargil_100400300011_Kargil_Atta	17.25
X_Mill2_Kargil_100400300011_Kargil_Wheat1	1.0
X_Mill2_Kargil_100400300012_Kargil_Atta	23.7
X_Mill2_Kargil_100400300012_Kargil_Wheat1	1.0
X_Mill2_Kargil_100400300013_Kargil_Atta	7.35
X_Mill2_Kargil_100400300013_Kargil_Wheat1	1.0
X_Mill2_Kargil_100400300014_Kargil_Atta	15.33
X_Mill2_Kargil_100400300014_Kargil_Wheat1	1.0
X_Mill2_Kargil_100400300015_Kargil_Atta	13.92
X_Mill2_Kargil_100400300015_Kargil_Wheat1	1.0
X_Mill2_Kargil_100400300017_Kargil_Atta	106.59
X_Mill2_Kargil_100400300017_Kargil_Wheat1	1.0
X_Mill2_Kargil_100400300018_Kargil_Atta	75.93
X_Mill2_Kargil_100400300018_Kargil_Wheat1	1.0
X_Mill2_Kargil_100400300020_Kargil_Atta	42.42
X_Mill2_Kargil_100400300020_Kargil_Wheat1	1.0
X_Mill2_Kargil_100400400003_Kargil_Atta	39.87
X_Mill2_Kargil_100400400003_Kargil_Wheat1	1.0
X_Mill2_Kargil_100400400004_Kargil_Atta	19.65
X_Mill2_Kargil_100400400004_Kargil_Wheat1	1.0
X_Mill2_Kargil_100400400005_Kargil_Atta	32.76
X_Mill2_Kargil_100400400005_Kargil_Wheat1	1.0
X_Mill2_Kargil_100400400006_Kargil_Atta	11.64
X_Mill2_Kargil_100400400006_Kargil_Wheat1	1.0
X_Mill2_Kargil_100400400007_Kargil_Atta	37.8
X_Mill2_Kargil_100400400007_Kargil_Wheat1	1.0
X_Mill2_Kargil_100400400010_Kargil_Atta	15.51
X_Mill2_Kargil_100400400010_Kargil_Wheat1	1.0
X_Mill2_Kargil_100400400011_Kargil_Atta	23.43
X_Mill2_Kargil_100400400011_Kargil_Wheat1	1.0
X_Mill2_Kargil_100400400012_Kargil_Atta	13.71
X_Mill2_Kargil_100400400012_Kargil_Wheat1	1.0
X_Mill2_Kargil_100400400013_Kargil_Atta	6.12
X_Mill2_Kargil_100400400013_Kargil_Wheat1	1.0
X_Mill2_Kargil_100400500001_Kargil_Atta	15.87
X_Mill2_Kargil_100400500001_Kargil_Wheat1	1.0
X_Mill2_Kargil_100400500002_Kargil_Atta	9.75
X_Mill2_Kargil_100400500002_Kargil_Wheat1	1.0
X_Mill2_Kargil_100400500003_Kargil_Atta	12.75
X_Mill2_Kargil_100400500003_Kargil_Wheat1	1.0
X_Mill2_Kargil_100400500004_Kargil_Atta	10.65
X_Mill2_Kargil_100400500004_Kargil_Wheat1	1.0
X_Mill2_Kargil_100400500005_Kargil_Atta	16.35
X_Mill2_Kargil_100400500005_Kargil_Wheat1	1.0
X_Mill2_Kargil_100400500006_Kargil_Atta	7.53
X_Mill2_Kargil_100400500006_Kargil_Wheat1	1.0
X_Mill2_Kargil_100400500007_Kargil_Atta	30.66
X_Mill2_Kargil_100400500007_Kargil_Wheat1	1.0
X_Mill2_Kargil_100400500008_Kargil_Atta	44.76
X_Mill2_Kargil_100400500008_Kargil_Wheat1	1.0
X_Mill2_Kargil_100400500009_Kargil_Atta	61.2
X_Mill2_Kargil_100400500009_Kargil_Wheat1	1.0
X_Mill2_Kargil_100400500010_Kargil_Atta	16.74
X_Mill2_Kargil_100400500010_Kargil_Wheat1	1.0
X_Mill2_Kargil_100400500011_Kargil_Atta	7.02
X_Mill2_Kargil_100400500011_Kargil_Wheat1	1.0
X_Mill2_Kargil_100400500012_Kargil_Atta	2.58
X_Mill2_Kargil_100400500012_Kargil_Wheat1	1.0
X_Mill2_Kargil_100400500013_Kargil_Atta	14.16
X_Mill2_Kargil_100400500013_Kargil_Wheat1	1.0
X_Mill2_Kargil_100400500014_Kargil_Atta	14.1
X_Mill2_Kargil_100400500014_Kargil_Wheat1	1.0
X_Mill2_Kargil_100400500015_Kargil_Atta	20.97
X_Mill2_Kargil_100400500015_Kargil_Wheat1	1.0
X_Mill2_Kargil_100400500017_Kargil_Atta	19.14
X_Mill2_Kargil_100400500017_Kargil_Wheat1	1.0
X_Mill2_Kargil_100400500018_Kargil_Atta	19.59
X_Mill2_Kargil_100400500018_Kargil_Wheat1	1.0
X_Mill2_Kargil_100400600001_Kargil_Atta	5.82
X_Mill2_Kargil_100400600001_Kargil_Wheat1	1.0
X_Mill2_Kargil_100400600002_Kargil_Atta	6.96
X_Mill2_Kargil_100400600002_Kargil_Wheat1	1.0
X_Mill2_Kargil_100400600003_Kargil_Atta	11.4
X_Mill2_Kargil_100400600003_Kargil_Wheat1	1.0
X_Mill2_Kargil_100400600004_Kargil_Atta	12.78
X_Mill2_Kargil_100400600004_Kargil_Wheat1	1.0
X_Mill2_Kargil_100400600005_Kargil_Atta	12.63
X_Mill2_Kargil_100400600005_Kargil_Wheat1	1.0
X_Mill2_Kargil_100400600006_Kargil_Atta	24.72
X_Mill2_Kargil_100400600006_Kargil_Wheat1	1.0
X_Mill2_Kargil_100400600007_Kargil_Atta	9.96
X_Mill2_Kargil_100400600007_Kargil_Wheat1	1.0
X_Mill2_Kargil_100400600008_Kargil_Atta	26.58
X_Mill2_Kargil_100400600008_Kargil_Wheat1	1.0
X_Mill2_Kargil_100400600009_Kargil_Atta	13.62
X_Mill2_Kargil_100400600009_Kargil_Wheat1	1.0
X_Mill2_Kargil_100400600010_Kargil_Atta	36.3
X_Mill2_Kargil_100400600010_Kargil_Wheat1	1.0
X_Mill2_Kargil_100400600011_Kargil_Atta	6.18
X_Mill2_Kargil_100400600011_Kargil_Wheat1	1.0
X_Mill2_Kargil_100400600012_Kargil_Atta	10.02
X_Mill2_Kargil_100400600012_Kargil_Wheat1	1.0
X_Mill2_Kargil_100400600013_Kargil_Atta	11.04
X_Mill2_Kargil_100400600013_Kargil_Wheat1	1.0
X_Mill2_Kargil_100400600014_Kargil_Atta	2.4
X_Mill2_Kargil_100400600014_Kargil_Wheat1	1.0
X_Mill2_Kargil_100400600015_Kargil_Atta	3.69
X_Mill2_Kargil_100400600015_Kargil_Wheat1	1.0
X_Mill2_Kargil_100400600016_Kargil_Atta	5.13
X_Mill2_Kargil_100400600016_Kargil_Wheat1	1.0
X_Mill2_Kargil_100400600017_Kargil_Atta	13.8
X_Mill2_Kargil_100400600017_Kargil_Wheat1	1.0
X_Mill2_Kargil_100400600018_Kargil_Atta	16.02
X_Mill2_Kargil_100400600018_Kargil_Wheat1	1.0
X_Mill2_Kargil_100400600019_Kargil_Atta	8.16
X_Mill2_Kargil_100400600019_Kargil_Wheat1	1.0
X_Mill2_Kargil_100400600020_Kargil_Atta	8.46
X_Mill2_Kargil_100400600020_Kargil_Wheat1	1.0
X_Mill2_Kargil_100400600021_Kargil_Atta	17.76
X_Mill2_Kargil_100400600021_Kargil_Wheat1	1.0
X_Mill2_Kargil_100400600022_Kargil_Atta	7.02
X_Mill2_Kargil_100400600022_Kargil_Wheat1	1.0
X_Mill2_Kargil_100400600023_Kargil_Atta	10.05
X_Mill2_Kargil_100400600023_Kargil_Wheat1	1.0
X_Mill2_Kargil_100400600024_Kargil_Atta	14.85
X_Mill2_Kargil_100400600024_Kargil_Wheat1	1.0
X_Mill2_Kargil_100400600025_Kargil_Atta	8.73
X_Mill2_Kargil_100400600025_Kargil_Wheat1	1.0
X_Mill2_Kargil_100400700001_Kargil_Atta	15.24
X_Mill2_Kargil_100400700001_Kargil_Wheat1	1.0
X_Mill2_Kargil_100400700003_Kargil_Atta	3.18
X_Mill2_Kargil_100400700003_Kargil_Wheat1	1.0
X_Mill2_Kargil_100400700004_Kargil_Atta	21.69
X_Mill2_Kargil_100400700004_Kargil_Wheat1	1.0
X_Mill2_Kargil_100400700005_Kargil_Atta	5.58
X_Mill2_Kargil_100400700005_Kargil_Wheat1	1.0
X_Mill2_Kargil_100400700006_Kargil_Atta	13.5
X_Mill2_Kargil_100400700006_Kargil_Wheat1	1.0
X_Mill2_Kargil_100400700007_Kargil_Atta	4.02
X_Mill2_Kargil_100400700007_Kargil_Wheat1	1.0
X_Mill2_Kargil_100400700008_Kargil_Atta	8.58
X_Mill2_Kargil_100400700008_Kargil_Wheat1	1.0
X_Mill2_Kargil_100400700009_Kargil_Atta	3.57
X_Mill2_Kargil_100400700009_Kargil_Wheat1	1.0
X_Mill2_Kargil_100400700010_Kargil_Atta	10.53
X_Mill2_Kargil_100400700010_Kargil_Wheat1	1.0
X_Mill2_Kargil_100400700011_Kargil_Atta	21.27
X_Mill2_Kargil_100400700011_Kargil_Wheat1	1.0
X_Mill2_Kargil_100400700013_Kargil_Atta	6.42
X_Mill2_Kargil_100400700013_Kargil_Wheat1	1.0
X_Mill2_Kargil_100400700014_Kargil_Atta	4.83
X_Mill2_Kargil_100400700014_Kargil_Wheat1	1.0
X_Mill2_Kargil_100400700015_Kargil_Atta	2.85
X_Mill2_Kargil_100400700015_Kargil_Wheat1	1.0
X_Mill2_Kargil_100400700016_Kargil_Atta	2.04
X_Mill2_Kargil_100400700016_Kargil_Wheat1	1.0
X_Mill2_Kargil_100400700017_Kargil_Atta	12.03
X_Mill2_Kargil_100400700017_Kargil_Wheat1	1.0
X_Mill2_Kargil_100400700018_Kargil_Atta	7.23
X_Mill2_Kargil_100400700018_Kargil_Wheat1	1.0
X_Mill2_Kargil_100400700020_Kargil_Atta	6.96
X_Mill2_Kargil_100400700020_Kargil_Wheat1	1.0
X_Mill2_Kargil_100400700022_Kargil_Atta	21.99
X_Mill2_Kargil_100400700022_Kargil_Wheat1	1.0
X_Mill2_Kargil_100400700023_Kargil_Atta	15.15
X_Mill2_Kargil_100400700023_Kargil_Wheat1	1.0
X_Mill2_Kargil_100400700024_Kargil_Atta	23.91
X_Mill2_Kargil_100400700024_Kargil_Wheat1	1.0
X_Mill2_Kargil_100400700025_Kargil_Atta	19.5
X_Mill2_Kargil_100400700025_Kargil_Wheat1	1.0
X_Mill2_Kargil_100400700026_Kargil_Atta	3.7199999999999998
X_Mill2_Kargil_100400700026_Kargil_Wheat1	1.0
X_Mill2_Kargil_100400700027_Kargil_Atta	22.8
X_Mill2_Kargil_100400700027_Kargil_Wheat1	1.0
X_Mill2_Kargil_100400700028_Kargil_Atta	9.42
X_Mill2_Kargil_100400700028_Kargil_Wheat1	1.0
X_Mill2_Kargil_100400700029_Kargil_Atta	63.12
X_Mill2_Kargil_100400700029_Kargil_Wheat1	1.0
X_Mill2_Kargil_100400700030_Kargil_Atta	26.88
X_Mill2_Kargil_100400700030_Kargil_Wheat1	1.0
X_Mill2_Kargil_100400700031_Kargil_Atta	75.99
X_Mill2_Kargil_100400700031_Kargil_Wheat1	1.0
X_Mill2_Kargil_100400700032_Kargil_Atta	20.25
X_Mill2_Kargil_100400700032_Kargil_Wheat1	1.0
X_Mill2_Kargil_100400700033_Kargil_Atta	13.08
X_Mill2_Kargil_100400700033_Kargil_Wheat1	1.0
X_Mill2_Kargil_100400700034_Kargil_Atta	20.88
X_Mill2_Kargil_100400700034_Kargil_Wheat1	1.0
X_Mill2_Kargil_100400700035_Kargil_Atta	9.0
X_Mill2_Kargil_100400700035_Kargil_Wheat1	1.0
X_Mill2_Kargil_100400700036_Kargil_Atta	28.59
X_Mill2_Kargil_100400700036_Kargil_Wheat1	1.0
X_Mill2_Kargil_100400800003_Kargil_Atta	23.25
X_Mill2_Kargil_100400800003_Kargil_Wheat1	1.0
X_Mill2_Kargil_100400800004_Kargil_Atta	17.52
X_Mill2_Kargil_100400800004_Kargil_Wheat1	1.0
X_Mill2_Kargil_100400800005_Kargil_Atta	17.22
X_Mill2_Kargil_100400800005_Kargil_Wheat1	1.0
X_Mill2_Kargil_100400800006_Kargil_Atta	6.75
X_Mill2_Kargil_100400800006_Kargil_Wheat1	1.0
X_Mill2_Kargil_100400800007_Kargil_Atta	19.11
X_Mill2_Kargil_100400800007_Kargil_Wheat1	1.0
X_Mill2_Kargil_100400800009_Kargil_Atta	33.63
X_Mill2_Kargil_100400800009_Kargil_Wheat1	1.0
X_Mill2_Kargil_100400800010_Kargil_Atta	5.25
X_Mill2_Kargil_100400800010_Kargil_Wheat1	1.0
X_Mill2_Kargil_100400800011_Kargil_Atta	6.72
X_Mill2_Kargil_100400800011_Kargil_Wheat1	1.0
X_Mill2_Kargil_100400800012_Kargil_Atta	18.69
X_Mill2_Kargil_100400800012_Kargil_Wheat1	1.0
X_Mill2_Kargil_100400800013_Kargil_Atta	14.55
X_Mill2_Kargil_100400800013_Kargil_Wheat1	1.0
X_Mill2_Kargil_100400800014_Kargil_Atta	15.87
X_Mill2_Kargil_100400800014_Kargil_Wheat1	1.0
X_Mill2_Kargil_100400800015_Kargil_Atta	3.66
X_Mill2_Kargil_100400800015_Kargil_Wheat1	1.0
X_Mill2_Kargil_100400800016_Kargil_Atta	9.24
X_Mill2_Kargil_100400800016_Kargil_Wheat1	1.0
X_Mill2_Kargil_100400800017_Kargil_Atta	29.73
X_Mill2_Kargil_100400800017_Kargil_Wheat1	1.0
X_Mill2_Kargil_100400800018_Kargil_Atta	10.08
X_Mill2_Kargil_100400800018_Kargil_Wheat1	1.0
X_Mill2_Kargil_100400800019_Kargil_Atta	30.36
X_Mill2_Kargil_100400800019_Kargil_Wheat1	1.0
X_Mill2_Kargil_100400900001_Kargil_Atta	5.19
X_Mill2_Kargil_100400900001_Kargil_Wheat1	1.0
X_Mill2_Kargil_100400900002_Kargil_Atta	9.84
X_Mill2_Kargil_100400900002_Kargil_Wheat1	1.0
X_Mill2_Kargil_100400900003_Kargil_Atta	5.85
X_Mill2_Kargil_100400900003_Kargil_Wheat1	1.0
X_Mill2_Kargil_100400900004_Kargil_Atta	12.18
X_Mill2_Kargil_100400900004_Kargil_Wheat1	1.0
X_Mill2_Kargil_100400900005_Kargil_Atta	14.7
X_Mill2_Kargil_100400900005_Kargil_Wheat1	1.0
X_Mill2_Kargil_100400900006_Kargil_Atta	8.67
X_Mill2_Kargil_100400900006_Kargil_Wheat1	1.0
X_Mill2_Kargil_100400900007_Kargil_Atta	15.84
X_Mill2_Kargil_100400900007_Kargil_Wheat1	1.0
X_Mill2_Kargil_100400900008_Kargil_Atta	16.14
X_Mill2_Kargil_100400900008_Kargil_Wheat1	1.0
X_Mill2_Kargil_100400900011_Kargil_Atta	85.89
X_Mill2_Kargil_100400900011_Kargil_Wheat1	1.0
X_Mill2_Kargil_100400900012_Kargil_Atta	13.71
X_Mill2_Kargil_100400900012_Kargil_Wheat1	1.0
X_Mill2_Kargil_100400900013_Kargil_Atta	4.89
X_Mill2_Kargil_100400900013_Kargil_Wheat1	1.0
X_Mill2_Kargil_100400900015_Kargil_Atta	9.54
X_Mill2_Kargil_100400900015_Kargil_Wheat1	1.0
X_Mill2_Kargil_100400900016_Kargil_Atta	20.34
X_Mill2_Kargil_100400900016_Kargil_Wheat1	1.0
X_Mill2_Kargil_100400900017_Kargil_Atta	14.82
X_Mill2_Kargil_100400900017_Kargil_Wheat1	1.0
X_Mill2_Kargil_100400900019_Kargil_Atta	5.52
X_Mill2_Kargil_100400900019_Kargil_Wheat1	1.0
X_Mill2_Kargil_100400900023_Kargil_Atta	8.88
X_Mill2_Kargil_100400900023_Kargil_Wheat1	1.0
X_Mill2_Kargil_100400900024_Kargil_Atta	12.75
X_Mill2_Kargil_100400900024_Kargil_Wheat1	1.0
X_Mill2_Kargil_100401000000_Kargil_Atta	15.87
X_Mill2_Kargil_100401000000_Kargil_Wheat1	1.0
X_Mill2_Kargil_100401000001_Kargil_Atta	4.05
X_Mill2_Kargil_100401000001_Kargil_Wheat1	1.0
X_Mill2_Kargil_100401000002_Kargil_Atta	9.12
X_Mill2_Kargil_100401000002_Kargil_Wheat1	1.0
X_Mill2_Kargil_100401000003_Kargil_Atta	6.8100000000000005
X_Mill2_Kargil_100401000003_Kargil_Wheat1	1.0
X_Mill2_Kargil_100401000004_Kargil_Atta	9.54
X_Mill2_Kargil_100401000004_Kargil_Wheat1	1.0
X_Mill2_Kargil_100401000006_Kargil_Atta	9.48
X_Mill2_Kargil_100401000006_Kargil_Wheat1	1.0
X_Mill2_Kargil_100401000008_Kargil_Atta	8.4
X_Mill2_Kargil_100401000008_Kargil_Wheat1	1.0
X_NE13008_Kargil_100300400020_Leh_FRice	7.76
X_NE13008_Kargil_100300400020_Leh_Rice	7.76
X_NE13008_Kargil_100300400020_Leh_Wheat1	1.0
X_NE13008_Kargil_100300500008_Leh_FRice	1.74
X_NE13008_Kargil_100300500008_Leh_Rice	1.74
X_NE13008_Kargil_100300500008_Leh_Wheat1	1.0
X_NE13008_Kargil_100300500015_Leh_FRice	2.4
X_NE13008_Kargil_100300500015_Leh_Rice	2.4
X_NE13008_Kargil_100300500015_Leh_Wheat1	1.0
X_NE13008_Kargil_100300500016_Leh_FRice	12.6
X_NE13008_Kargil_100300500016_Leh_Rice	12.6
X_NE13008_Kargil_100300500016_Leh_Wheat1	1.0
X_NE13008_Kargil_100300500017_Leh_FRice	7.9399999999999995
X_NE13008_Kargil_100300500017_Leh_Rice	7.9399999999999995
X_NE13008_Kargil_100300500017_Leh_Wheat1	1.0
X_NE13008_Kargil_100300500024_Leh_FRice	8.8
X_NE13008_Kargil_100300500024_Leh_Rice	8.8
X_NE13008_Kargil_100300500024_Leh_Wheat1	1.0
X_NE13008_Kargil_100300500025_Leh_FRice	19.44
X_NE13008_Kargil_100300500025_Leh_Rice	19.44
X_NE13008_Kargil_100300500025_Leh_Wheat1	1.0
X_NE13008_Kargil_100300500026_Leh_FRice	1.32
X_NE13008_Kargil_100300500026_Leh_Rice	1.32
X_NE13008_Kargil_100300500026_Leh_Wheat1	1.0
X_NE13008_Kargil_100300500027_Leh_FRice	10.54
X_NE13008_Kargil_100300500027_Leh_Rice	10.54
X_NE13008_Kargil_100300500027_Leh_Wheat1	1.0
X_NE13008_Kargil_100300500028_Leh_FRice	5.26
X_NE13008_Kargil_100300500028_Leh_Rice	5.26
X_NE13008_Kargil_100300500028_Leh_Wheat1	1.0
X_NE13008_Kargil_100300500042_Leh_FRice	3.32
X_NE13008_Kargil_100300500042_Leh_Rice	3.32
X_NE13008_Kargil_100300500042_Leh_Wheat1	1.0
X_NE13008_Kargil_100300600013_Leh_FRice	4.24
X_NE13008_Kargil_100300600013_Leh_Rice	4.24
X_NE13008_Kargil_100300600013_Leh_Wheat1	1.0
X_NE13008_Kargil_100300600025_Leh_FRice	5.44
X_NE13008_Kargil_100300600025_Leh_Rice	5.44
X_NE13008_Kargil_100300600025_Leh_Wheat1	1.0
X_NE13008_Kargil_100300900002_Leh_FRice	4.42
X_NE13008_Kargil_100300900002_Leh_Rice	4.42
X_NE13008_Kargil_100300900002_Leh_Wheat1	1.0
X_NE13008_Kargil_100300900004_Leh_FRice	5.0
X_NE13008_Kargil_100300900004_Leh_Rice	5.0
X_NE13008_Kargil_100300900004_Leh_Wheat1	1.0
X_NE13008_Kargil_100300900006_Leh_FRice	9.32
X_NE13008_Kargil_100300900006_Leh_Rice	9.32
X_NE13008_Kargil_100300900006_Leh_Wheat1	1.0
X_NE13008_Kargil_100300900008_Leh_FRice	5.9
X_NE13008_Kargil_100300900008_Leh_Rice	5.9
X_NE13008_Kargil_100300900008_Leh_Wheat1	1.0
X_NE13008_Kargil_100300900011_Leh_FRice	10.42
X_NE13008_Kargil_100300900011_Leh_Rice	10.42
X_NE13008_Kargil_100300900011_Leh_Wheat1	1.0
X_NE13008_Kargil_100300900022_Leh_FRice	4.28
X_NE13008_Kargil_100300900022_Leh_Rice	4.28
X_NE13008_Kargil_100300900022_Leh_Wheat1	1.0
X_NE13008_Kargil_100300900031_Leh_FRice	11.76
X_NE13008_Kargil_100300900031_Leh_Rice	11.76
X_NE13008_Kargil_100300900031_Leh_Wheat1	1.0
X_NE13008_Kargil_100300900035_Leh_FRice	9.52
X_NE13008_Kargil_100300900035_Leh_Rice	9.52
X_NE13008_Kargil_100300900035_Leh_Wheat1	1.0
X_NE13008_Kargil_100300900036_Leh_FRice	4.3
X_NE13008_Kargil_100300900036_Leh_Rice	4.3
X_NE13008_Kargil_100300900036_Leh_Wheat1	1.0
X_NE13008_Kargil_100300900038_Leh_FRice	2.44
X_NE13008_Kargil_100300900038_Leh_Rice	2.44
X_NE13008_Kargil_100300900038_Leh_Wheat1	1.0
X_NE13008_Kargil_100300900039_Leh_FRice	2.74
X_NE13008_Kargil_100300900039_Leh_Rice	2.74
X_NE13008_Kargil_100300900039_Leh_Wheat1	1.0
X_NE13008_Kargil_100300900040_Leh_FRice	1.74
X_NE13008_Kargil_100300900040_Leh_Rice	1.74
X_NE13008_Kargil_100300900040_Leh_Wheat1	1.0
X_NE13008_Kargil_100300900042_Leh_FRice	9.06
X_NE13008_Kargil_100300900042_Leh_Rice	9.06
X_NE13008_Kargil_100300900042_Leh_Wheat1	1.0
X_NE13008_Kargil_100301000001_Leh_FRice	5.22
X_NE13008_Kargil_100301000001_Leh_Rice	5.22
X_NE13008_Kargil_100301000001_Leh_Wheat1	1.0
X_NE13008_Kargil_100301000002_Leh_FRice	5.92
X_NE13008_Kargil_100301000002_Leh_Rice	5.92
X_NE13008_Kargil_100301000002_Leh_Wheat1	1.0
X_NE13008_Kargil_100301000003_Leh_FRice	13.46
X_NE13008_Kargil_100301000003_Leh_Rice	13.46
X_NE13008_Kargil_100301000003_Leh_Wheat1	1.0
X_NE13008_Kargil_100301000007_Leh_FRice	5.44
X_NE13008_Kargil_100301000007_Leh_Rice	5.44
X_NE13008_Kargil_100301000007_Leh_Wheat1	1.0
X_NE13008_Kargil_100301000009_Leh_FRice	11.42
X_NE13008_Kargil_100301000009_Leh_Rice	11.42
X_NE13008_Kargil_100301000009_Leh_Wheat1	1.0
X_NE13008_Kargil_100301000010_Leh_FRice	2.2
X_NE13008_Kargil_100301000010_Leh_Rice	2.2
X_NE13008_Kargil_100301000010_Leh_Wheat1	1.0
X_NE13008_Kargil_100301000011_Leh_FRice	12.92
X_NE13008_Kargil_100301000011_Leh_Rice	12.92
X_NE13008_Kargil_100301000011_Leh_Wheat1	1.0
X_NE13008_Kargil_100301000013_Leh_FRice	2.02
X_NE13008_Kargil_100301000013_Leh_Rice	2.02
X_NE13008_Kargil_100301000013_Leh_Wheat1	1.0
X_NE13008_Kargil_100301000015_Leh_FRice	0.3
X_NE13008_Kargil_100301000015_Leh_Rice	0.3
X_NE13008_Kargil_100301000015_Leh_Wheat1	1.0
X_NE13008_Kargil_100301000017_Leh_FRice	0.94
X_NE13008_Kargil_100301000017_Leh_Rice	0.94
X_NE13008_Kargil_100301000017_Leh_Wheat1	1.0
X_NE13008_Kargil_100301100008_Leh_FRice	11.56
X_NE13008_Kargil_100301100008_Leh_Rice	11.56
X_NE13008_Kargil_100301100008_Leh_Wheat1	1.0
X_NE13008_Kargil_100301100013_Leh_FRice	6.02
X_NE13008_Kargil_100301100013_Leh_Rice	6.02
X_NE13008_Kargil_100301100013_Leh_Wheat1	1.0
X_NE13008_Kargil_100301100014_Leh_FRice	18.76
X_NE13008_Kargil_100301100014_Leh_Rice	18.76
X_NE13008_Kargil_100301100014_Leh_Wheat1	1.0
X_NE13008_Kargil_100301100020_Leh_FRice	4.64
X_NE13008_Kargil_100301100020_Leh_Rice	4.64
X_NE13008_Kargil_100301100020_Leh_Wheat1	1.0
X_NE13008_Kargil_100301100024_Leh_FRice	11.28
X_NE13008_Kargil_100301100024_Leh_Rice	11.28
X_NE13008_Kargil_100301100024_Leh_Wheat1	1.0
X_NE13008_Kargil_100301200003_Leh_FRice	10.7
X_NE13008_Kargil_100301200003_Leh_Rice	10.7
X_NE13008_Kargil_100301200003_Leh_Wheat1	1.0
X_NE13008_Kargil_100301200005_Leh_FRice	25.96
X_NE13008_Kargil_100301200005_Leh_Rice	25.96
X_NE13008_Kargil_100301200005_Leh_Wheat1	1.0
X_NE13008_Kargil_100301200008_Leh_FRice	8.78
X_NE13008_Kargil_100301200008_Leh_Rice	8.78
X_NE13008_Kargil_100301200008_Leh_Wheat1	1.0
X_NE13008_Kargil_100400000000_Kargil_FRice	7.91
X_NE13008_Kargil_100400000000_Kargil_Rice	11.12
X_NE13008_Kargil_100400000000_Kargil_Wheat1	1.0
X_NE13008_Kargil_100400100002_Kargil_FRice	2.98
X_NE13008_Kargil_100400100002_Kargil_Rice	4.16
X_NE13008_Kargil_100400100002_Kargil_Wheat1	1.0
X_NE13008_Kargil_100400100004_Kargil_FRice	11.33
X_NE13008_Kargil_100400100004_Kargil_Rice	16.38
X_NE13008_Kargil_100400100004_Kargil_Wheat1	1.0
X_NE13008_Kargil_100400100007_Kargil_FRice	10.29
X_NE13008_Kargil_100400100007_Kargil_Rice	12.66
X_NE13008_Kargil_100400100007_Kargil_Wheat1	1.0
X_NE13008_Kargil_100400100008_Kargil_FRice	7.99
X_NE13008_Kargil_100400100008_Kargil_Rice	11.06
X_NE13008_Kargil_100400100008_Kargil_Wheat1	1.0
X_NE13008_Kargil_100400100009_Kargil_FRice	14.47
X_NE13008_Kargil_100400100009_Kargil_Rice	17.8
X_NE13008_Kargil_100400100009_Kargil_Wheat1	1.0
X_NE13008_Kargil_100400100010_Kargil_FRice	4.35
X_NE13008_Kargil_100400100010_Kargil_Rice	9.7
X_NE13008_Kargil_100400100010_Kargil_Wheat1	1.0
X_NE13008_Kargil_100400100016_Kargil_FRice	11.23
X_NE13008_Kargil_100400100016_Kargil_Rice	17.84
X_NE13008_Kargil_100400100016_Kargil_Wheat1	1.0
X_NE13008_Kargil_100400100020_Kargil_FRice	33.15
X_NE13008_Kargil_100400100020_Kargil_Rice	48.16
X_NE13008_Kargil_100400100020_Kargil_Wheat1	1.0
X_NE13008_Kargil_100400200004_Kargil_FRice	5.01
X_NE13008_Kargil_100400200004_Kargil_Rice	6.16
X_NE13008_Kargil_100400200004_Kargil_Wheat1	1.0
X_NE13008_Kargil_100400200005_Kargil_FRice	13.45
X_NE13008_Kargil_100400200005_Kargil_Rice	16.54
X_NE13008_Kargil_100400200005_Kargil_Wheat1	1.0
X_NE13008_Kargil_100400200007_Kargil_FRice	8.86
X_NE13008_Kargil_100400200007_Kargil_Rice	10.9
X_NE13008_Kargil_100400200007_Kargil_Wheat1	1.0
X_NE13008_Kargil_100400200008_Kargil_FRice	12.03
X_NE13008_Kargil_100400200008_Kargil_Rice	14.8
X_NE13008_Kargil_100400200008_Kargil_Wheat1	1.0
X_NE13008_Kargil_100400200010_Kargil_FRice	22.8
X_NE13008_Kargil_100400200010_Kargil_Rice	28.04
X_NE13008_Kargil_100400200010_Kargil_Wheat1	1.0
X_NE13008_Kargil_100400200013_Kargil_FRice	13.74
X_NE13008_Kargil_100400200013_Kargil_Rice	16.9
X_NE13008_Kargil_100400200013_Kargil_Wheat1	1.0
X_NE13008_Kargil_100400200015_Kargil_FRice	32.1
X_NE13008_Kargil_100400200015_Kargil_Rice	39.48
X_NE13008_Kargil_100400200015_Kargil_Wheat1	1.0
X_NE13008_Kargil_100400200018_Kargil_FRice	11.27
X_NE13008_Kargil_100400200018_Kargil_Rice	13.86
X_NE13008_Kargil_100400200018_Kargil_Wheat1	1.0
X_NE13008_Kargil_100400300003_Kargil_FRice	3.15
X_NE13008_Kargil_100400300003_Kargil_Rice	3.86
X_NE13008_Kargil_100400300003_Kargil_Wheat1	1.0
X_NE13008_Kargil_100400300004_Kargil_FRice	3.98
X_NE13008_Kargil_100400300004_Kargil_Rice	6.1
X_NE13008_Kargil_100400300004_Kargil_Wheat1	1.0
X_NE13008_Kargil_100400300007_Kargil_FRice	8.91
X_NE13008_Kargil_100400300007_Kargil_Rice	10.96
X_NE13008_Kargil_100400300007_Kargil_Wheat1	1.0
X_NE13008_Kargil_100400300011_Kargil_FRice	9.97
X_NE13008_Kargil_100400300011_Kargil_Rice	13.5
X_NE13008_Kargil_100400300011_Kargil_Wheat1	1.0
X_NE13008_Kargil_100400300013_Kargil_FRice	4.72
X_NE13008_Kargil_100400300013_Kargil_Rice	5.8
X_NE13008_Kargil_100400300013_Kargil_Wheat1	1.0
X_NE13008_Kargil_100400300014_Kargil_FRice	9.37
X_NE13008_Kargil_100400300014_Kargil_Rice	11.52
X_NE13008_Kargil_100400300014_Kargil_Wheat1	1.0
X_NE13008_Kargil_100400300015_Kargil_FRice	8.68
X_NE13008_Kargil_100400300015_Kargil_Rice	10.68
X_NE13008_Kargil_100400300015_Kargil_Wheat1	1.0
X_NE13008_Kargil_100400300018_Kargil_FRice	42.11
X_NE13008_Kargil_100400300018_Kargil_Rice	53.92
X_NE13008_Kargil_100400300018_Kargil_Wheat1	1.0
X_NE13008_Kargil_100400400004_Kargil_FRice	12.36
X_NE13008_Kargil_100400400004_Kargil_Rice	15.2
X_NE13008_Kargil_100400400004_Kargil_Wheat1	1.0
X_NE13008_Kargil_100400400005_Kargil_FRice	20.85
X_NE13008_Kargil_100400400005_Kargil_Rice	25.64
X_NE13008_Kargil_100400400005_Kargil_Wheat1	1.0
X_NE13008_Kargil_100400400006_Kargil_FRice	7.45
X_NE13008_Kargil_100400400006_Kargil_Rice	9.16
X_NE13008_Kargil_100400400006_Kargil_Wheat1	1.0
X_NE13008_Kargil_100400400011_Kargil_FRice	14.33
X_NE13008_Kargil_100400400011_Kargil_Rice	17.62
X_NE13008_Kargil_100400400011_Kargil_Wheat1	1.0
X_NE13008_Kargil_100400500001_Kargil_FRice	10.72
X_NE13008_Kargil_100400500001_Kargil_Rice	13.18
X_NE13008_Kargil_100400500001_Kargil_Wheat1	1.0
X_NE13008_Kargil_100400500004_Kargil_FRice	7.4
X_NE13008_Kargil_100400500004_Kargil_Rice	9.1
X_NE13008_Kargil_100400500004_Kargil_Wheat1	1.0
X_NE13008_Kargil_100400500008_Kargil_FRice	28.49
X_NE13008_Kargil_100400500008_Kargil_Rice	35.04
X_NE13008_Kargil_100400500008_Kargil_Wheat1	1.0
X_NE13008_Kargil_100400500010_Kargil_FRice	10.86
X_NE13008_Kargil_100400500010_Kargil_Rice	13.36
X_NE13008_Kargil_100400500010_Kargil_Wheat1	1.0
X_NE13008_Kargil_100400500011_Kargil_FRice	4.13
X_NE13008_Kargil_100400500011_Kargil_Rice	5.08
X_NE13008_Kargil_100400500011_Kargil_Wheat1	1.0
X_NE13008_Kargil_100400600001_Kargil_FRice	4.37
X_NE13008_Kargil_100400600001_Kargil_Rice	5.38
X_NE13008_Kargil_100400600001_Kargil_Wheat1	1.0
X_NE13008_Kargil_100400600002_Kargil_FRice	4.42
X_NE13008_Kargil_100400600002_Kargil_Rice	5.44
X_NE13008_Kargil_100400600002_Kargil_Wheat1	1.0
X_NE13008_Kargil_100400600004_Kargil_FRice	6.93
X_NE13008_Kargil_100400600004_Kargil_Rice	8.52
X_NE13008_Kargil_100400600004_Kargil_Wheat1	1.0
X_NE13008_Kargil_100400600005_Kargil_FRice	7.58
X_NE13008_Kargil_100400600005_Kargil_Rice	9.32
X_NE13008_Kargil_100400600005_Kargil_Wheat1	1.0
X_NE13008_Kargil_100400600006_Kargil_FRice	15.02
X_NE13008_Kargil_100400600006_Kargil_Rice	18.48
X_NE13008_Kargil_100400600006_Kargil_Wheat1	1.0
X_NE13008_Kargil_100400600007_Kargil_FRice	6.54
X_NE13008_Kargil_100400600007_Kargil_Rice	8.04
X_NE13008_Kargil_100400600007_Kargil_Wheat1	1.0
X_NE13008_Kargil_100400600008_Kargil_FRice	16.03
X_NE13008_Kargil_100400600008_Kargil_Rice	19.72
X_NE13008_Kargil_100400600008_Kargil_Wheat1	1.0
X_NE13008_Kargil_100400600009_Kargil_FRice	9.01
X_NE13008_Kargil_100400600009_Kargil_Rice	11.08
X_NE13008_Kargil_100400600009_Kargil_Wheat1	1.0
X_NE13008_Kargil_100400600011_Kargil_FRice	4.24
X_NE13008_Kargil_100400600011_Kargil_Rice	5.22
X_NE13008_Kargil_100400600011_Kargil_Wheat1	1.0
X_NE13008_Kargil_100400600013_Kargil_FRice	6.39
X_NE13008_Kargil_100400600013_Kargil_Rice	7.86
X_NE13008_Kargil_100400600013_Kargil_Wheat1	1.0
X_NE13008_Kargil_100400600015_Kargil_FRice	2.08
X_NE13008_Kargil_100400600015_Kargil_Rice	2.56
X_NE13008_Kargil_100400600015_Kargil_Wheat1	1.0
X_NE13008_Kargil_100400600016_Kargil_FRice	3.51
X_NE13008_Kargil_100400600016_Kargil_Rice	4.32
X_NE13008_Kargil_100400600016_Kargil_Wheat1	1.0
X_NE13008_Kargil_100400600018_Kargil_FRice	9.74
X_NE13008_Kargil_100400600018_Kargil_Rice	11.98
X_NE13008_Kargil_100400600018_Kargil_Wheat1	1.0
X_NE13008_Kargil_100400600019_Kargil_FRice	4.67
X_NE13008_Kargil_100400600019_Kargil_Rice	5.74
X_NE13008_Kargil_100400600019_Kargil_Wheat1	1.0
X_NE13008_Kargil_100400600020_Kargil_FRice	5.24
X_NE13008_Kargil_100400600020_Kargil_Rice	6.44
X_NE13008_Kargil_100400600020_Kargil_Wheat1	1.0
X_NE13008_Kargil_100400600021_Kargil_FRice	10.85
X_NE13008_Kargil_100400600021_Kargil_Rice	13.34
X_NE13008_Kargil_100400600021_Kargil_Wheat1	1.0
X_NE13008_Kargil_100400600022_Kargil_FRice	4.37
X_NE13008_Kargil_100400600022_Kargil_Rice	5.38
X_NE13008_Kargil_100400600022_Kargil_Wheat1	1.0
X_NE13008_Kargil_100400600023_Kargil_FRice	6.02
X_NE13008_Kargil_100400600023_Kargil_Rice	7.4
X_NE13008_Kargil_100400600023_Kargil_Wheat1	1.0
X_NE13008_Kargil_100400600024_Kargil_FRice	8.86
X_NE13008_Kargil_100400600024_Kargil_Rice	10.9
X_NE13008_Kargil_100400600024_Kargil_Wheat1	1.0
X_NE13008_Kargil_100400600025_Kargil_FRice	5.06
X_NE13008_Kargil_100400600025_Kargil_Rice	6.22
X_NE13008_Kargil_100400600025_Kargil_Wheat1	1.0
X_NE13008_Kargil_100400700003_Kargil_FRice	3.19
X_NE13008_Kargil_100400700003_Kargil_Rice	3.92
X_NE13008_Kargil_100400700003_Kargil_Wheat1	1.0
X_NE13008_Kargil_100400700004_Kargil_FRice	14.6
X_NE13008_Kargil_100400700004_Kargil_Rice	17.96
X_NE13008_Kargil_100400700004_Kargil_Wheat1	1.0
X_NE13008_Kargil_100400700005_Kargil_FRice	3.51
X_NE13008_Kargil_100400700005_Kargil_Rice	4.32
X_NE13008_Kargil_100400700005_Kargil_Wheat1	1.0
X_NE13008_Kargil_100400700006_Kargil_FRice	7.8
X_NE13008_Kargil_100400700006_Kargil_Rice	9.6
X_NE13008_Kargil_100400700006_Kargil_Wheat1	1.0
X_NE13008_Kargil_100400700007_Kargil_FRice	2.18
X_NE13008_Kargil_100400700007_Kargil_Rice	2.68
X_NE13008_Kargil_100400700007_Kargil_Wheat1	1.0
X_NE13008_Kargil_100400700008_Kargil_FRice	5.14
X_NE13008_Kargil_100400700008_Kargil_Rice	6.32
X_NE13008_Kargil_100400700008_Kargil_Wheat1	1.0
X_NE13008_Kargil_100400700009_Kargil_FRice	2.02
X_NE13008_Kargil_100400700009_Kargil_Rice	2.48
X_NE13008_Kargil_100400700009_Kargil_Wheat1	1.0
X_NE13008_Kargil_100400700010_Kargil_FRice	6.76
X_NE13008_Kargil_100400700010_Kargil_Rice	8.32
X_NE13008_Kargil_100400700010_Kargil_Wheat1	1.0
X_NE13008_Kargil_100400700011_Kargil_FRice	13.15
X_NE13008_Kargil_100400700011_Kargil_Rice	16.18
X_NE13008_Kargil_100400700011_Kargil_Wheat1	1.0
X_NE13008_Kargil_100400700014_Kargil_FRice	2.7800000000000002
X_NE13008_Kargil_100400700014_Kargil_Rice	3.42
X_NE13008_Kargil_100400700014_Kargil_Wheat1	1.0
X_NE13008_Kargil_100400700015_Kargil_FRice	1.87
X_NE13008_Kargil_100400700015_Kargil_Rice	2.3
X_NE13008_Kargil_100400700015_Kargil_Wheat1	1.0
X_NE13008_Kargil_100400700016_Kargil_FRice	1.43
X_NE13008_Kargil_100400700016_Kargil_Rice	1.76
X_NE13008_Kargil_100400700016_Kargil_Wheat1	1.0
X_NE13008_Kargil_100400700017_Kargil_FRice	8.55
X_NE13008_Kargil_100400700017_Kargil_Rice	10.52
X_NE13008_Kargil_100400700017_Kargil_Wheat1	1.0
X_NE13008_Kargil_100400700018_Kargil_FRice	5.46
X_NE13008_Kargil_100400700018_Kargil_Rice	6.72
X_NE13008_Kargil_100400700018_Kargil_Wheat1	1.0
X_NE13008_Kargil_100400700020_Kargil_FRice	5.15
X_NE13008_Kargil_100400700020_Kargil_Rice	6.34
X_NE13008_Kargil_100400700020_Kargil_Wheat1	1.0
X_NE13008_Kargil_100400700022_Kargil_FRice	13.71
X_NE13008_Kargil_100400700022_Kargil_Rice	16.86
X_NE13008_Kargil_100400700022_Kargil_Wheat1	1.0
X_NE13008_Kargil_100400700023_Kargil_FRice	8.78
X_NE13008_Kargil_100400700023_Kargil_Rice	10.8
X_NE13008_Kargil_100400700023_Kargil_Wheat1	1.0
X_NE13008_Kargil_100400700024_Kargil_FRice	14.91
X_NE13008_Kargil_100400700024_Kargil_Rice	18.34
X_NE13008_Kargil_100400700024_Kargil_Wheat1	1.0
X_NE13008_Kargil_100400700025_Kargil_FRice	12.52
X_NE13008_Kargil_100400700025_Kargil_Rice	15.4
X_NE13008_Kargil_100400700025_Kargil_Wheat1	1.0
X_NE13008_Kargil_100400700026_Kargil_FRice	2.18
X_NE13008_Kargil_100400700026_Kargil_Rice	2.68
X_NE13008_Kargil_100400700026_Kargil_Wheat1	1.0
X_NE13008_Kargil_100400700027_Kargil_FRice	14.07
X_NE13008_Kargil_100400700027_Kargil_Rice	17.3
X_NE13008_Kargil_100400700027_Kargil_Wheat1	1.0
X_NE13008_Kargil_100400700028_Kargil_FRice	5.76
X_NE13008_Kargil_100400700028_Kargil_Rice	7.08
X_NE13008_Kargil_100400700028_Kargil_Wheat1	1.0
X_NE13008_Kargil_100400700029_Kargil_FRice	40.47
X_NE13008_Kargil_100400700029_Kargil_Rice	49.78
X_NE13008_Kargil_100400700029_Kargil_Wheat1	1.0
X_NE13008_Kargil_100400700030_Kargil_FRice	19.59
X_NE13008_Kargil_100400700030_Kargil_Rice	25.32
X_NE13008_Kargil_100400700030_Kargil_Wheat1	1.0
X_NE13008_Kargil_100400700031_Kargil_FRice	50.54
X_NE13008_Kargil_100400700031_Kargil_Rice	62.16
X_NE13008_Kargil_100400700031_Kargil_Wheat1	1.0
X_NE13008_Kargil_100400700033_Kargil_FRice	8.47
X_NE13008_Kargil_100400700033_Kargil_Rice	10.42
X_NE13008_Kargil_100400700033_Kargil_Wheat1	1.0
X_NE13008_Kargil_100400700034_Kargil_FRice	13.67
X_NE13008_Kargil_100400700034_Kargil_Rice	16.82
X_NE13008_Kargil_100400700034_Kargil_Wheat1	1.0
X_NE13008_Kargil_100400700036_Kargil_FRice	19.89
X_NE13008_Kargil_100400700036_Kargil_Rice	24.46
X_NE13008_Kargil_100400700036_Kargil_Wheat1	1.0
X_NE13008_Kargil_100400800006_Kargil_FRice	4.88
X_NE13008_Kargil_100400800006_Kargil_Rice	6.0
X_NE13008_Kargil_100400800006_Kargil_Wheat1	1.0
X_NE13008_Kargil_100400800007_Kargil_FRice	13.77
X_NE13008_Kargil_100400800007_Kargil_Rice	16.94
X_NE13008_Kargil_100400800007_Kargil_Wheat1	1.0
X_NE13008_Kargil_100400800009_Kargil_FRice	22.46
X_NE13008_Kargil_100400800009_Kargil_Rice	27.62
X_NE13008_Kargil_100400800009_Kargil_Wheat1	1.0
X_NE13008_Kargil_100400800010_Kargil_FRice	3.82
X_NE13008_Kargil_100400800010_Kargil_Rice	4.7
X_NE13008_Kargil_100400800010_Kargil_Wheat1	1.0
X_NE13008_Kargil_100400800012_Kargil_FRice	12.08
X_NE13008_Kargil_100400800012_Kargil_Rice	14.86
X_NE13008_Kargil_100400800012_Kargil_Wheat1	1.0
X_NE13008_Kargil_100400800013_Kargil_FRice	10.08
X_NE13008_Kargil_100400800013_Kargil_Rice	12.4
X_NE13008_Kargil_100400800013_Kargil_Wheat1	1.0
X_NE13008_Kargil_100400800014_Kargil_FRice	11.45
X_NE13008_Kargil_100400800014_Kargil_Rice	14.08
X_NE13008_Kargil_100400800014_Kargil_Wheat1	1.0
X_NE13008_Kargil_100400800015_Kargil_FRice	3.12
X_NE13008_Kargil_100400800015_Kargil_Rice	3.84
X_NE13008_Kargil_100400800015_Kargil_Wheat1	1.0
X_NE13008_Kargil_100400800016_Kargil_FRice	7.6899999999999995
X_NE13008_Kargil_100400800016_Kargil_Rice	9.46
X_NE13008_Kargil_100400800016_Kargil_Wheat1	1.0
X_NE13008_Kargil_100400800017_Kargil_FRice	22.94
X_NE13008_Kargil_100400800017_Kargil_Rice	28.22
X_NE13008_Kargil_100400800017_Kargil_Wheat1	1.0
X_NE13008_Kargil_100400800018_Kargil_FRice	7.74
X_NE13008_Kargil_100400800018_Kargil_Rice	9.52
X_NE13008_Kargil_100400800018_Kargil_Wheat1	1.0
X_NE13008_Kargil_100400900001_Kargil_FRice	3.71
X_NE13008_Kargil_100400900001_Kargil_Rice	4.5600000000000005
X_NE13008_Kargil_100400900001_Kargil_Wheat1	1.0
X_NE13008_Kargil_100400900002_Kargil_FRice	6.31
X_NE13008_Kargil_100400900002_Kargil_Rice	7.76
X_NE13008_Kargil_100400900002_Kargil_Wheat1	1.0
X_NE13008_Kargil_100400900003_Kargil_FRice	3.74
X_NE13008_Kargil_100400900003_Kargil_Rice	4.6
X_NE13008_Kargil_100400900003_Kargil_Wheat1	1.0
X_NE13008_Kargil_100400900004_Kargil_FRice	7.09
X_NE13008_Kargil_100400900004_Kargil_Rice	8.72
X_NE13008_Kargil_100400900004_Kargil_Wheat1	1.0
X_NE13008_Kargil_100400900006_Kargil_FRice	3.19
X_NE13008_Kargil_100400900006_Kargil_Rice	6.38
X_NE13008_Kargil_100400900006_Kargil_Wheat1	1.0
X_NE13008_Kargil_100400900023_Kargil_FRice	5.3
X_NE13008_Kargil_100400900023_Kargil_Rice	6.52
X_NE13008_Kargil_100400900023_Kargil_Wheat1	1.0
X_NE13008_Kargil_100400900024_Kargil_FRice	7.24
X_NE13008_Kargil_100400900024_Kargil_Rice	8.9
X_NE13008_Kargil_100400900024_Kargil_Wheat1	1.0
X_NE13008_Kargil_100401000002_Kargil_FRice	6.16
X_NE13008_Kargil_100401000002_Kargil_Rice	7.58
X_NE13008_Kargil_100401000002_Kargil_Wheat1	1.0
X_NE13008_Kargil_100401000004_Kargil_FRice	6.72
X_NE13008_Kargil_100401000004_Kargil_Rice	8.26
X_NE13008_Kargil_100401000004_Kargil_Wheat1	1.0
X_NE13008_Kargil_100401000006_Kargil_FRice	6.28
X_NE13008_Kargil_100401000006_Kargil_Rice	7.72
X_NE13008_Kargil_100401000006_Kargil_Wheat1	1.0
X_W1_Leh_100300000000_Leh_FRice	50.82
X_W1_Leh_100300000000_Leh_Rice	50.82
X_W1_Leh_100300000000_Leh_Wheat1	1.0
X_W1_Leh_100300100001_Leh_FRice	50.82
X_W1_Leh_100300100001_Leh_Rice	50.82
X_W1_Leh_100300100001_Leh_Wheat1	1.0
X_W1_Leh_100300100002_Leh_FRice	58.86
X_W1_Leh_100300100002_Leh_Rice	58.86
X_W1_Leh_100300100002_Leh_Wheat1	1.0
X_W1_Leh_100300100003_Leh_FRice	55.38
X_W1_Leh_100300100003_Leh_Rice	55.38
X_W1_Leh_100300100003_Leh_Wheat1	1.0
X_W1_Leh_100300100004_Leh_FRice	44.1
X_W1_Leh_100300100004_Leh_Rice	44.1
X_W1_Leh_100300100004_Leh_Wheat1	1.0
X_W1_Leh_100300100009_Leh_FRice	64.38
X_W1_Leh_100300100009_Leh_Rice	64.38
X_W1_Leh_100300100009_Leh_Wheat1	1.0
X_W1_Leh_100300100010_Leh_FRice	35.94
X_W1_Leh_100300100010_Leh_Rice	35.94
X_W1_Leh_100300100010_Leh_Wheat1	1.0
X_W1_Leh_100300100011_Leh_FRice	16.86
X_W1_Leh_100300100011_Leh_Rice	16.86
X_W1_Leh_100300100011_Leh_Wheat1	1.0
X_W1_Leh_100300100012_Leh_FRice	13.84
X_W1_Leh_100300100012_Leh_Rice	13.84
X_W1_Leh_100300100012_Leh_Wheat1	1.0
X_W1_Leh_100300100013_Leh_FRice	10.7
X_W1_Leh_100300100013_Leh_Rice	10.7
X_W1_Leh_100300100013_Leh_Wheat1	1.0
X_W1_Leh_100300100014_Leh_FRice	14.98
X_W1_Leh_100300100014_Leh_Rice	14.98
X_W1_Leh_100300100014_Leh_Wheat1	1.0
X_W1_Leh_100300100015_Leh_FRice	11.54
X_W1_Leh_100300100015_Leh_Rice	11.54
X_W1_Leh_100300100015_Leh_Wheat1	1.0
X_W1_Leh_100300100016_Leh_FRice	10.0
X_W1_Leh_100300100016_Leh_Rice	10.0
X_W1_Leh_100300100016_Leh_Wheat1	1.0
X_W1_Leh_100300100043_Leh_FRice	9.78
X_W1_Leh_100300100043_Leh_Rice	9.78
X_W1_Leh_100300100043_Leh_Wheat1	1.0
X_W1_Leh_100300100044_Leh_FRice	8.16
X_W1_Leh_100300100044_Leh_Rice	8.16
X_W1_Leh_100300100044_Leh_Wheat1	1.0
X_W1_Leh_100300100045_Leh_FRice	23.22
X_W1_Leh_100300100045_Leh_Rice	23.22
X_W1_Leh_100300100045_Leh_Wheat1	1.0
X_W1_Leh_100300100046_Leh_FRice	11.46
X_W1_Leh_100300100046_Leh_Rice	11.46
X_W1_Leh_100300100046_Leh_Wheat1	1.0
X_W1_Leh_100300100047_Leh_FRice	13.14
X_W1_Leh_100300100047_Leh_Rice	13.14
X_W1_Leh_100300100047_Leh_Wheat1	1.0
X_W1_Leh_100300100048_Leh_FRice	32.74
X_W1_Leh_100300100048_Leh_Rice	32.74
X_W1_Leh_100300100048_Leh_Wheat1	1.0
X_W1_Leh_100300100049_Leh_FRice	13.14
X_W1_Leh_100300100049_Leh_Rice	13.14
X_W1_Leh_100300100049_Leh_Wheat1	1.0
X_W1_Leh_100300100050_Leh_FRice	10.4
X_W1_Leh_100300100050_Leh_Rice	10.4
X_W1_Leh_100300100050_Leh_Wheat1	1.0
X_W1_Leh_100300100051_Leh_FRice	50.28
X_W1_Leh_100300100051_Leh_Rice	50.28
X_W1_Leh_100300100051_Leh_Wheat1	1.0
X_W1_Leh_100300100052_Leh_FRice	20.74
X_W1_Leh_100300100052_Leh_Rice	20.74
X_W1_Leh_100300100052_Leh_Wheat1	1.0
X_W1_Leh_100300100053_Leh_FRice	13.68
X_W1_Leh_100300100053_Leh_Rice	13.68
X_W1_Leh_100300100053_Leh_Wheat1	1.0
X_W1_Leh_100300100054_Leh_FRice	5.2
X_W1_Leh_100300100054_Leh_Rice	5.2
X_W1_Leh_100300100054_Leh_Wheat1	1.0
X_W1_Leh_100300100055_Leh_FRice	5.16
X_W1_Leh_100300100055_Leh_Rice	5.16
X_W1_Leh_100300100055_Leh_Wheat1	1.0
X_W1_Leh_100300100056_Leh_FRice	6.5600000000000005
X_W1_Leh_100300100056_Leh_Rice	6.5600000000000005
X_W1_Leh_100300100056_Leh_Wheat1	1.0
X_W1_Leh_100300100057_Leh_FRice	9.94
X_W1_Leh_100300100057_Leh_Rice	9.94
X_W1_Leh_100300100057_Leh_Wheat1	1.0
X_W1_Leh_100300100058_Leh_FRice	2.62
X_W1_Leh_100300100058_Leh_Rice	2.62
X_W1_Leh_100300100058_Leh_Wheat1	1.0
X_W1_Leh_100300100060_Leh_FRice	0.96
X_W1_Leh_100300100060_Leh_Rice	0.96
X_W1_Leh_100300100060_Leh_Wheat1	1.0
X_W1_Leh_100300100061_Leh_FRice	18.86
X_W1_Leh_100300100061_Leh_Rice	18.86
X_W1_Leh_100300100061_Leh_Wheat1	1.0
X_W1_Leh_100300100063_Leh_FRice	10.86
X_W1_Leh_100300100063_Leh_Rice	10.86
X_W1_Leh_100300100063_Leh_Wheat1	1.0
X_W1_Leh_100300100064_Leh_FRice	19.54
X_W1_Leh_100300100064_Leh_Rice	19.54
X_W1_Leh_100300100064_Leh_Wheat1	1.0
X_W1_Leh_100300100065_Leh_FRice	7.46
X_W1_Leh_100300100065_Leh_Rice	7.46
X_W1_Leh_100300100065_Leh_Wheat1	1.0
X_W1_Leh_100300100066_Leh_FRice	2.76
X_W1_Leh_100300100066_Leh_Rice	2.76
X_W1_Leh_100300100066_Leh_Wheat1	1.0
X_W1_Leh_100300100067_Leh_FRice	14.18
X_W1_Leh_100300100067_Leh_Rice	14.18
X_W1_Leh_100300100067_Leh_Wheat1	1.0
X_W1_Leh_100300100068_Leh_FRice	12.44
X_W1_Leh_100300100068_Leh_Rice	12.44
X_W1_Leh_100300100068_Leh_Wheat1	1.0
X_W1_Leh_100300100069_Leh_FRice	1.42
X_W1_Leh_100300100069_Leh_Rice	1.42
X_W1_Leh_100300100069_Leh_Wheat1	1.0
X_W1_Leh_100300100070_Leh_FRice	1.9
X_W1_Leh_100300100070_Leh_Rice	1.9
X_W1_Leh_100300100070_Leh_Wheat1	1.0
X_W1_Leh_100300100073_Leh_FRice	29.5
X_W1_Leh_100300100073_Leh_Rice	29.5
X_W1_Leh_100300100073_Leh_Wheat1	1.0
X_W1_Leh_100300100074_Leh_FRice	8.32
X_W1_Leh_100300100074_Leh_Rice	8.32
X_W1_Leh_100300100074_Leh_Wheat1	1.0
X_W1_Leh_100300100075_Leh_FRice	8.48
X_W1_Leh_100300100075_Leh_Rice	8.48
X_W1_Leh_100300100075_Leh_Wheat1	1.0
X_W1_Leh_100300100076_Leh_FRice	2.16
X_W1_Leh_100300100076_Leh_Rice	2.16
X_W1_Leh_100300100076_Leh_Wheat1	1.0
X_W1_Leh_100300100077_Leh_FRice	16.7
X_W1_Leh_100300100077_Leh_Rice	16.7
X_W1_Leh_100300100077_Leh_Wheat1	1.0
X_W1_Leh_100300100079_Leh_FRice	3.12
X_W1_Leh_100300100079_Leh_Rice	3.12
X_W1_Leh_100300100079_Leh_Wheat1	1.0
X_W1_Leh_100300100080_Leh_FRice	16.66
X_W1_Leh_100300100080_Leh_Rice	16.66
X_W1_Leh_100300100080_Leh_Wheat1	1.0
X_W1_Leh_100300400001_Leh_FRice	23.12
X_W1_Leh_100300400001_Leh_Rice	23.12
X_W1_Leh_100300400001_Leh_Wheat1	1.0
X_W1_Leh_100300400002_Leh_FRice	12.8
X_W1_Leh_100300400002_Leh_Rice	12.8
X_W1_Leh_100300400002_Leh_Wheat1	1.0
X_W1_Leh_100300400003_Leh_FRice	14.98
X_W1_Leh_100300400003_Leh_Rice	14.98
X_W1_Leh_100300400003_Leh_Wheat1	1.0
X_W1_Leh_100300400004_Leh_FRice	15.14
X_W1_Leh_100300400004_Leh_Rice	15.14
X_W1_Leh_100300400004_Leh_Wheat1	1.0
X_W1_Leh_100300400005_Leh_FRice	21.64
X_W1_Leh_100300400005_Leh_Rice	21.64
X_W1_Leh_100300400005_Leh_Wheat1	1.0
X_W1_Leh_100300400007_Leh_FRice	10.46
X_W1_Leh_100300400007_Leh_Rice	10.46
X_W1_Leh_100300400007_Leh_Wheat1	1.0
X_W1_Leh_100300400008_Leh_FRice	8.9
X_W1_Leh_100300400008_Leh_Rice	8.9
X_W1_Leh_100300400008_Leh_Wheat1	1.0
X_W1_Leh_100300400009_Leh_FRice	17.26
X_W1_Leh_100300400009_Leh_Rice	17.26
X_W1_Leh_100300400009_Leh_Wheat1	1.0
X_W1_Leh_100300400010_Leh_FRice	29.06
X_W1_Leh_100300400010_Leh_Rice	29.06
X_W1_Leh_100300400010_Leh_Wheat1	1.0
X_W1_Leh_100300400011_Leh_FRice	8.58
X_W1_Leh_100300400011_Leh_Rice	8.58
X_W1_Leh_100300400011_Leh_Wheat1	1.0
X_W1_Leh_100300400012_Leh_FRice	19.72
X_W1_Leh_100300400012_Leh_Rice	19.72
X_W1_Leh_100300400012_Leh_Wheat1	1.0
X_W1_Leh_100300400013_Leh_FRice	21.42
X_W1_Leh_100300400013_Leh_Rice	21.42
X_W1_Leh_100300400013_Leh_Wheat1	1.0
X_W1_Leh_100300400014_Leh_FRice	19.32
X_W1_Leh_100300400014_Leh_Rice	19.32
X_W1_Leh_100300400014_Leh_Wheat1	1.0
X_W1_Leh_100300400015_Leh_FRice	3.88
X_W1_Leh_100300400015_Leh_Rice	3.88
X_W1_Leh_100300400015_Leh_Wheat1	1.0
X_W1_Leh_100300400016_Leh_FRice	8.52
X_W1_Leh_100300400016_Leh_Rice	8.52
X_W1_Leh_100300400016_Leh_Wheat1	1.0
X_W1_Leh_100300400017_Leh_FRice	14.18
X_W1_Leh_100300400017_Leh_Rice	14.18
X_W1_Leh_100300400017_Leh_Wheat1	1.0
X_W1_Leh_100300400018_Leh_FRice	15.56
X_W1_Leh_100300400018_Leh_Rice	15.56
X_W1_Leh_100300400018_Leh_Wheat1	1.0
X_W1_Leh_100300400019_Leh_FRice	8.74
X_W1_Leh_100300400019_Leh_Rice	8.74
X_W1_Leh_100300400019_Leh_Wheat1	1.0
X_W1_Leh_100300400021_Leh_FRice	10.54
X_W1_Leh_100300400021_Leh_Rice	10.54
X_W1_Leh_100300400021_Leh_Wheat1	1.0
X_W1_Leh_100300400022_Leh_FRice	5.02
X_W1_Leh_100300400022_Leh_Rice	5.02
X_W1_Leh_100300400022_Leh_Wheat1	1.0
X_W1_Leh_100300400023_Leh_FRice	19.14
X_W1_Leh_100300400023_Leh_Rice	19.14
X_W1_Leh_100300400023_Leh_Wheat1	1.0
X_W1_Leh_100300500004_Leh_FRice	8.2
X_W1_Leh_100300500004_Leh_Rice	8.2
X_W1_Leh_100300500004_Leh_Wheat1	1.0
X_W1_Leh_100300500005_Leh_FRice	6.88
X_W1_Leh_100300500005_Leh_Rice	6.88
X_W1_Leh_100300500005_Leh_Wheat1	1.0
X_W1_Leh_100300500013_Leh_FRice	15.12
X_W1_Leh_100300500013_Leh_Rice	15.12
X_W1_Leh_100300500013_Leh_Wheat1	1.0
X_W1_Leh_100300500019_Leh_FRice	3.22
X_W1_Leh_100300500019_Leh_Rice	3.22
X_W1_Leh_100300500019_Leh_Wheat1	1.0
X_W1_Leh_100300500020_Leh_FRice	5.04
X_W1_Leh_100300500020_Leh_Rice	5.04
X_W1_Leh_100300500020_Leh_Wheat1	1.0
X_W1_Leh_100300500030_Leh_FRice	5.38
X_W1_Leh_100300500030_Leh_Rice	5.38
X_W1_Leh_100300500030_Leh_Wheat1	1.0
X_W1_Leh_100300500031_Leh_FRice	7.52
X_W1_Leh_100300500031_Leh_Rice	7.52
X_W1_Leh_100300500031_Leh_Wheat1	1.0
X_W1_Leh_100300500032_Leh_FRice	1.6800000000000002
X_W1_Leh_100300500032_Leh_Rice	1.6800000000000002
X_W1_Leh_100300500032_Leh_Wheat1	1.0
X_W1_Leh_100300500034_Leh_FRice	8.62
X_W1_Leh_100300500034_Leh_Rice	8.62
X_W1_Leh_100300500034_Leh_Wheat1	1.0
X_W1_Leh_100300500036_Leh_FRice	4.78
X_W1_Leh_100300500036_Leh_Rice	4.78
X_W1_Leh_100300500036_Leh_Wheat1	1.0
X_W1_Leh_100300500038_Leh_FRice	3.16
X_W1_Leh_100300500038_Leh_Rice	3.16
X_W1_Leh_100300500038_Leh_Wheat1	1.0
X_W1_Leh_100300500039_Leh_FRice	4.08
X_W1_Leh_100300500039_Leh_Rice	4.08
X_W1_Leh_100300500039_Leh_Wheat1	1.0
X_W1_Leh_100300500040_Leh_FRice	5.78
X_W1_Leh_100300500040_Leh_Rice	5.78
X_W1_Leh_100300500040_Leh_Wheat1	1.0
X_W1_Leh_100300600001_Leh_FRice	5.82
X_W1_Leh_100300600001_Leh_Rice	5.82
X_W1_Leh_100300600001_Leh_Wheat1	1.0
X_W1_Leh_100300600002_Leh_FRice	1.76
X_W1_Leh_100300600002_Leh_Rice	1.76
X_W1_Leh_100300600002_Leh_Wheat1	1.0
X_W1_Leh_100300600003_Leh_FRice	2.22
X_W1_Leh_100300600003_Leh_Rice	2.22
X_W1_Leh_100300600003_Leh_Wheat1	1.0
X_W1_Leh_100300600004_Leh_FRice	3.94
X_W1_Leh_100300600004_Leh_Rice	3.94
X_W1_Leh_100300600004_Leh_Wheat1	1.0
X_W1_Leh_100300600005_Leh_FRice	8.34
X_W1_Leh_100300600005_Leh_Rice	8.34
X_W1_Leh_100300600005_Leh_Wheat1	1.0
X_W1_Leh_100300600006_Leh_FRice	6.62
X_W1_Leh_100300600006_Leh_Rice	6.62
X_W1_Leh_100300600006_Leh_Wheat1	1.0
X_W1_Leh_100300600007_Leh_FRice	3.94
X_W1_Leh_100300600007_Leh_Rice	3.94
X_W1_Leh_100300600007_Leh_Wheat1	1.0
X_W1_Leh_100300600008_Leh_FRice	14.92
X_W1_Leh_100300600008_Leh_Rice	14.92
X_W1_Leh_100300600008_Leh_Wheat1	1.0
X_W1_Leh_100300600009_Leh_FRice	4.14
X_W1_Leh_100300600009_Leh_Rice	4.14
X_W1_Leh_100300600009_Leh_Wheat1	1.0
X_W1_Leh_100300600010_Leh_FRice	0.5
X_W1_Leh_100300600010_Leh_Rice	0.5
X_W1_Leh_100300600010_Leh_Wheat1	1.0
X_W1_Leh_100300600011_Leh_FRice	5.7
X_W1_Leh_100300600011_Leh_Rice	5.7
X_W1_Leh_100300600011_Leh_Wheat1	1.0
X_W1_Leh_100300600012_Leh_FRice	19.04
X_W1_Leh_100300600012_Leh_Rice	19.04
X_W1_Leh_100300600012_Leh_Wheat1	1.0
X_W1_Leh_100300600015_Leh_FRice	8.2
X_W1_Leh_100300600015_Leh_Rice	8.2
X_W1_Leh_100300600015_Leh_Wheat1	1.0
X_W1_Leh_100300600016_Leh_FRice	4.26
X_W1_Leh_100300600016_Leh_Rice	4.26
X_W1_Leh_100300600016_Leh_Wheat1	1.0
X_W1_Leh_100300600017_Leh_FRice	15.5
X_W1_Leh_100300600017_Leh_Rice	15.5
X_W1_Leh_100300600017_Leh_Wheat1	1.0
X_W1_Leh_100300600018_Leh_FRice	4.44
X_W1_Leh_100300600018_Leh_Rice	4.44
X_W1_Leh_100300600018_Leh_Wheat1	1.0
X_W1_Leh_100300600019_Leh_FRice	2.26
X_W1_Leh_100300600019_Leh_Rice	2.26
X_W1_Leh_100300600019_Leh_Wheat1	1.0
X_W1_Leh_100300600020_Leh_FRice	2.76
X_W1_Leh_100300600020_Leh_Rice	2.76
X_W1_Leh_100300600020_Leh_Wheat1	1.0
X_W1_Leh_100300600021_Leh_FRice	2.1
X_W1_Leh_100300600021_Leh_Rice	2.1
X_W1_Leh_100300600021_Leh_Wheat1	1.0
X_W1_Leh_100300600022_Leh_FRice	5.1
X_W1_Leh_100300600022_Leh_Rice	5.1
X_W1_Leh_100300600022_Leh_Wheat1	1.0
X_W1_Leh_100300600023_Leh_FRice	9.3
X_W1_Leh_100300600023_Leh_Rice	9.3
X_W1_Leh_100300600023_Leh_Wheat1	1.0
X_W1_Leh_100300600024_Leh_FRice	4.38
X_W1_Leh_100300600024_Leh_Rice	4.38
X_W1_Leh_100300600024_Leh_Wheat1	1.0
X_W1_Leh_100300600026_Leh_FRice	7.7
X_W1_Leh_100300600026_Leh_Rice	7.7
X_W1_Leh_100300600026_Leh_Wheat1	1.0
X_W1_Leh_100300600027_Leh_FRice	5.4
X_W1_Leh_100300600027_Leh_Rice	5.4
X_W1_Leh_100300600027_Leh_Wheat1	1.0
X_W1_Leh_100300600028_Leh_FRice	2.2800000000000002
X_W1_Leh_100300600028_Leh_Rice	2.2800000000000002
X_W1_Leh_100300600028_Leh_Wheat1	1.0
X_W1_Leh_100300600029_Leh_FRice	6.38
X_W1_Leh_100300600029_Leh_Rice	6.38
X_W1_Leh_100300600029_Leh_Wheat1	1.0
X_W1_Leh_100300900003_Leh_FRice	9.06
X_W1_Leh_100300900003_Leh_Rice	9.06
X_W1_Leh_100300900003_Leh_Wheat1	1.0
X_W1_Leh_100300900009_Leh_FRice	13.04
X_W1_Leh_100300900009_Leh_Rice	13.04
X_W1_Leh_100300900009_Leh_Wheat1	1.0
X_W1_Leh_100300900010_Leh_FRice	6.62
X_W1_Leh_100300900010_Leh_Rice	6.62
X_W1_Leh_100300900010_Leh_Wheat1	1.0
X_W1_Leh_100300900012_Leh_FRice	5.42
X_W1_Leh_100300900012_Leh_Rice	5.42
X_W1_Leh_100300900012_Leh_Wheat1	1.0
X_W1_Leh_100300900015_Leh_FRice	28.96
X_W1_Leh_100300900015_Leh_Rice	28.96
X_W1_Leh_100300900015_Leh_Wheat1	1.0
X_W1_Leh_100300900017_Leh_FRice	8.3
X_W1_Leh_100300900017_Leh_Rice	8.3
X_W1_Leh_100300900017_Leh_Wheat1	1.0
X_W1_Leh_100300900019_Leh_FRice	16.98
X_W1_Leh_100300900019_Leh_Rice	16.98
X_W1_Leh_100300900019_Leh_Wheat1	1.0
X_W1_Leh_100300900020_Leh_FRice	22.38
X_W1_Leh_100300900020_Leh_Rice	22.38
X_W1_Leh_100300900020_Leh_Wheat1	1.0
X_W1_Leh_100300900021_Leh_FRice	13.94
X_W1_Leh_100300900021_Leh_Rice	13.94
X_W1_Leh_100300900021_Leh_Wheat1	1.0
X_W1_Leh_100300900025_Leh_FRice	4.44
X_W1_Leh_100300900025_Leh_Rice	4.44
X_W1_Leh_100300900025_Leh_Wheat1	1.0
X_W1_Leh_100300900026_Leh_FRice	9.78
X_W1_Leh_100300900026_Leh_Rice	9.78
X_W1_Leh_100300900026_Leh_Wheat1	1.0
X_W1_Leh_100300900032_Leh_FRice	14.78
X_W1_Leh_100300900032_Leh_Rice	14.78
X_W1_Leh_100300900032_Leh_Wheat1	1.0
X_W1_Leh_100300900037_Leh_FRice	2.7
X_W1_Leh_100300900037_Leh_Rice	2.7
X_W1_Leh_100300900037_Leh_Wheat1	1.0
X_W1_Leh_100301000004_Leh_FRice	3.02
X_W1_Leh_100301000004_Leh_Rice	3.02
X_W1_Leh_100301000004_Leh_Wheat1	1.0
X_W1_Leh_100301000005_Leh_FRice	22.88
X_W1_Leh_100301000005_Leh_Rice	22.88
X_W1_Leh_100301000005_Leh_Wheat1	1.0
X_W1_Leh_100301000006_Leh_FRice	4.64
X_W1_Leh_100301000006_Leh_Rice	4.64
X_W1_Leh_100301000006_Leh_Wheat1	1.0
X_W1_Leh_100301000008_Leh_FRice	15.64
X_W1_Leh_100301000008_Leh_Rice	15.64
X_W1_Leh_100301000008_Leh_Wheat1	1.0
X_W1_Leh_100301000012_Leh_FRice	4.82
X_W1_Leh_100301000012_Leh_Rice	4.82
X_W1_Leh_100301000012_Leh_Wheat1	1.0
X_W1_Leh_100301000014_Leh_FRice	3.86
X_W1_Leh_100301000014_Leh_Rice	3.86
X_W1_Leh_100301000014_Leh_Wheat1	1.0
X_W1_Leh_100301000016_Leh_FRice	7.02
X_W1_Leh_100301000016_Leh_Rice	7.02
X_W1_Leh_100301000016_Leh_Wheat1	1.0
X_W1_Leh_100301100001_Leh_FRice	0.8
X_W1_Leh_100301100001_Leh_Rice	0.8
X_W1_Leh_100301100001_Leh_Wheat1	1.0
X_W1_Leh_100301100002_Leh_FRice	5.42
X_W1_Leh_100301100002_Leh_Rice	5.42
X_W1_Leh_100301100002_Leh_Wheat1	1.0
X_W1_Leh_100301100003_Leh_FRice	2.84
X_W1_Leh_100301100003_Leh_Rice	2.84
X_W1_Leh_100301100003_Leh_Wheat1	1.0
X_W1_Leh_100301100005_Leh_FRice	8.18
X_W1_Leh_100301100005_Leh_Rice	8.18
X_W1_Leh_100301100005_Leh_Wheat1	1.0
X_W1_Leh_100301100006_Leh_FRice	6.82
X_W1_Leh_100301100006_Leh_Rice	6.82
X_W1_Leh_100301100006_Leh_Wheat1	1.0
X_W1_Leh_100301100007_Leh_FRice	13.44
X_W1_Leh_100301100007_Leh_Rice	13.44
X_W1_Leh_100301100007_Leh_Wheat1	1.0
X_W1_Leh_100301100009_Leh_FRice	30.2
X_W1_Leh_100301100009_Leh_Rice	30.2
X_W1_Leh_100301100009_Leh_Wheat1	1.0
X_W1_Leh_100301100010_Leh_FRice	4.1
X_W1_Leh_100301100010_Leh_Rice	4.1
X_W1_Leh_100301100010_Leh_Wheat1	1.0
X_W1_Leh_100301100011_Leh_FRice	9.46
X_W1_Leh_100301100011_Leh_Rice	9.46
X_W1_Leh_100301100011_Leh_Wheat1	1.0
X_W1_Leh_100301100012_Leh_FRice	6.0
X_W1_Leh_100301100012_Leh_Rice	6.0
X_W1_Leh_100301100012_Leh_Wheat1	1.0
X_W1_Leh_100301100015_Leh_FRice	17.5
X_W1_Leh_100301100015_Leh_Rice	17.5
X_W1_Leh_100301100015_Leh_Wheat1	1.0
X_W1_Leh_100301100016_Leh_FRice	30.98
X_W1_Leh_100301100016_Leh_Rice	30.98
X_W1_Leh_100301100016_Leh_Wheat1	1.0
X_W1_Leh_100301100017_Leh_FRice	6.26
X_W1_Leh_100301100017_Leh_Rice	6.26
X_W1_Leh_100301100017_Leh_Wheat1	1.0
X_W1_Leh_100301100022_Leh_FRice	3.48
X_W1_Leh_100301100022_Leh_Rice	3.48
X_W1_Leh_100301100022_Leh_Wheat1	1.0
X_W1_Leh_100301100023_Leh_FRice	2.98
X_W1_Leh_100301100023_Leh_Rice	2.98
X_W1_Leh_100301100023_Leh_Wheat1	1.0
X_W1_Leh_100301200001_Leh_FRice	15.1
X_W1_Leh_100301200001_Leh_Rice	15.1
X_W1_Leh_100301200001_Leh_Wheat1	1.0
X_W1_Leh_100301200002_Leh_FRice	9.14
X_W1_Leh_100301200002_Leh_Rice	9.14
X_W1_Leh_100301200002_Leh_Wheat1	1.0
X_W1_Leh_100301200004_Leh_FRice	15.88
X_W1_Leh_100301200004_Leh_Rice	15.88
X_W1_Leh_100301200004_Leh_Wheat1	1.0
X_W1_Leh_100301200006_Leh_FRice	2.82
X_W1_Leh_100301200006_Leh_Rice	2.82
X_W1_Leh_100301200006_Leh_Wheat1	1.0
X_W1_Leh_100301200007_Leh_FRice	12.38
X_W1_Leh_100301200007_Leh_Rice	12.38
X_W1_Leh_100301200007_Leh_Wheat1	1.0
X_W1_Leh_100301200009_Leh_FRice	0.06
X_W1_Leh_100301200009_Leh_Rice	0.06
X_W1_Leh_100301200009_Leh_Wheat1	1.0
X_W1_Leh_100301300001_Leh_FRice	1.6800000000000002
X_W1_Leh_100301300001_Leh_Rice	1.6800000000000002
X_W1_Leh_100301300001_Leh_Wheat1	1.0
X_W1_Leh_100301300002_Leh_FRice	3.94
X_W1_Leh_100301300002_Leh_Rice	3.94
X_W1_Leh_100301300002_Leh_Wheat1	1.0
X_W1_Leh_100301300003_Leh_FRice	18.94
X_W1_Leh_100301300003_Leh_Rice	18.94
X_W1_Leh_100301300003_Leh_Wheat1	1.0
X_W1_Leh_100301300004_Leh_FRice	7.5600000000000005
X_W1_Leh_100301300004_Leh_Rice	7.5600000000000005
X_W1_Leh_100301300004_Leh_Wheat1	1.0
X_W1_Leh_100301300005_Leh_FRice	1.16
X_W1_Leh_100301300005_Leh_Rice	1.16
X_W1_Leh_100301300005_Leh_Wheat1	1.0
X_W1_Leh_100301300006_Leh_FRice	13.06
X_W1_Leh_100301300006_Leh_Rice	13.06
X_W1_Leh_100301300006_Leh_Wheat1	1.0
X_W1_Leh_100301300007_Leh_FRice	2.7
X_W1_Leh_100301300007_Leh_Rice	2.7
X_W1_Leh_100301300007_Leh_Wheat1	1.0
X_W1_Leh_100301300008_Leh_FRice	21.4
X_W1_Leh_100301300008_Leh_Rice	21.4
X_W1_Leh_100301300008_Leh_Wheat1	1.0
X_W1_Leh_100301300009_Leh_FRice	1.4
X_W1_Leh_100301300009_Leh_Rice	1.4
X_W1_Leh_100301300009_Leh_Wheat1	1.0
X_W1_Leh_100301300010_Leh_FRice	1.6800000000000002
X_W1_Leh_100301300010_Leh_Rice	1.6800000000000002
X_W1_Leh_100301300010_Leh_Wheat1	1.0
X_W1_Leh_100301300011_Leh_FRice	10.78
X_W1_Leh_100301300011_Leh_Rice	10.78
X_W1_Leh_100301300011_Leh_Wheat1	1.0
X_W1_Leh_100400100006_Kargil_FRice	8.07
X_W1_Leh_100400100006_Kargil_Rice	9.92
X_W1_Leh_100400100006_Kargil_Wheat1	1.0
X_W1_Leh_100400100012_Kargil_FRice	61.3
X_W1_Leh_100400100012_Kargil_Rice	77.4
X_W1_Leh_100400100012_Kargil_Wheat1	1.0
X_W1_Leh_100400100013_Kargil_FRice	19.98
X_W1_Leh_100400100013_Kargil_Rice	30.78
X_W1_Leh_100400100013_Kargil_Wheat1	1.0
X_W1_Leh_100400200011_Kargil_FRice	15.11
X_W1_Leh_100400200011_Kargil_Rice	18.58
X_W1_Leh_100400200011_Kargil_Wheat1	1.0
X_W1_Leh_100400200012_Kargil_FRice	4.0
X_W1_Leh_100400200012_Kargil_Rice	4.92
X_W1_Leh_100400200012_Kargil_Wheat1	1.0
X_W1_Leh_100400200014_Kargil_FRice	9.9
X_W1_Leh_100400200014_Kargil_Rice	12.18
X_W1_Leh_100400200014_Kargil_Wheat1	1.0
X_W1_Leh_100400200016_Kargil_FRice	3.45
X_W1_Leh_100400200016_Kargil_Rice	4.24
X_W1_Leh_100400200016_Kargil_Wheat1	1.0
X_W1_Leh_100400200017_Kargil_FRice	9.82
X_W1_Leh_100400200017_Kargil_Rice	12.08
X_W1_Leh_100400200017_Kargil_Wheat1	1.0
X_W1_Leh_100400300002_Kargil_FRice	2.11
X_W1_Leh_100400300002_Kargil_Rice	3.96
X_W1_Leh_100400300002_Kargil_Wheat1	1.0
X_W1_Leh_100400300012_Kargil_FRice	14.07
X_W1_Leh_100400300012_Kargil_Rice	17.3
X_W1_Leh_100400300012_Kargil_Wheat1	1.0
X_W1_Leh_100400300017_Kargil_FRice	65.09
X_W1_Leh_100400300017_Kargil_Rice	80.06
X_W1_Leh_100400300017_Kargil_Wheat1	1.0
X_W1_Leh_100400300021_Kargil_FRice	5.98
X_W1_Leh_100400300021_Kargil_Rice	11.92
X_W1_Leh_100400300021_Kargil_Wheat1	1.0
X_W1_Leh_100400400010_Kargil_FRice	9.46
X_W1_Leh_100400400010_Kargil_Rice	11.64
X_W1_Leh_100400400010_Kargil_Wheat1	1.0
X_W1_Leh_100400400013_Kargil_FRice	3.7199999999999998
X_W1_Leh_100400400013_Kargil_Rice	4.58
X_W1_Leh_100400400013_Kargil_Wheat1	1.0
X_W1_Leh_100400500002_Kargil_FRice	6.59
X_W1_Leh_100400500002_Kargil_Rice	8.1
X_W1_Leh_100400500002_Kargil_Wheat1	1.0
X_W1_Leh_100400500005_Kargil_FRice	9.67
X_W1_Leh_100400500005_Kargil_Rice	11.9
X_W1_Leh_100400500005_Kargil_Wheat1	1.0
X_W1_Leh_100400500006_Kargil_FRice	4.89
X_W1_Leh_100400500006_Kargil_Rice	6.02
X_W1_Leh_100400500006_Kargil_Wheat1	1.0
X_W1_Leh_100400500012_Kargil_FRice	1.48
X_W1_Leh_100400500012_Kargil_Rice	1.8199999999999998
X_W1_Leh_100400500012_Kargil_Wheat1	1.0
X_W1_Leh_100400500013_Kargil_FRice	8.16
X_W1_Leh_100400500013_Kargil_Rice	10.04
X_W1_Leh_100400500013_Kargil_Wheat1	1.0
X_W1_Leh_100400500014_Kargil_FRice	9.02
X_W1_Leh_100400500014_Kargil_Rice	11.1
X_W1_Leh_100400500014_Kargil_Wheat1	1.0
X_W1_Leh_100400500018_Kargil_FRice	12.89
X_W1_Leh_100400500018_Kargil_Rice	15.86
X_W1_Leh_100400500018_Kargil_Wheat1	1.0
X_W1_Leh_100400600003_Kargil_FRice	7.24
X_W1_Leh_100400600003_Kargil_Rice	8.9
X_W1_Leh_100400600003_Kargil_Wheat1	1.0
X_W1_Leh_100400600014_Kargil_FRice	1.38
X_W1_Leh_100400600014_Kargil_Rice	1.7
X_W1_Leh_100400600014_Kargil_Wheat1	1.0
X_W1_Leh_100400700013_Kargil_FRice	4.46
X_W1_Leh_100400700013_Kargil_Rice	5.48
X_W1_Leh_100400700013_Kargil_Wheat1	1.0
X_W1_Leh_100400800003_Kargil_FRice	15.93
X_W1_Leh_100400800003_Kargil_Rice	19.6
X_W1_Leh_100400800003_Kargil_Wheat1	1.0
X_W1_Leh_100400900005_Kargil_FRice	8.46
X_W1_Leh_100400900005_Kargil_Rice	10.4
X_W1_Leh_100400900005_Kargil_Wheat1	1.0
X_W1_Leh_100400900007_Kargil_FRice	9.64
X_W1_Leh_100400900007_Kargil_Rice	11.86
X_W1_Leh_100400900007_Kargil_Wheat1	1.0
X_W1_Leh_100400900008_Kargil_FRice	10.21
X_W1_Leh_100400900008_Kargil_Rice	12.56
X_W1_Leh_100400900008_Kargil_Wheat1	1.0
X_W1_Leh_100400900011_Kargil_FRice	50.29
X_W1_Leh_100400900011_Kargil_Rice	61.86
X_W1_Leh_100400900011_Kargil_Wheat1	1.0
X_W1_Leh_100400900012_Kargil_FRice	8.16
X_W1_Leh_100400900012_Kargil_Rice	10.04
X_W1_Leh_100400900012_Kargil_Wheat1	1.0
X_W1_Leh_100400900013_Kargil_FRice	2.98
X_W1_Leh_100400900013_Kargil_Rice	3.66
X_W1_Leh_100400900013_Kargil_Wheat1	1.0
X_W1_Leh_100400900015_Kargil_FRice	5.58
X_W1_Leh_100400900015_Kargil_Rice	6.86
X_W1_Leh_100400900015_Kargil_Wheat1	1.0
X_W1_Leh_100400900016_Kargil_FRice	11.16
X_W1_Leh_100400900016_Kargil_Rice	14.96
X_W1_Leh_100400900016_Kargil_Wheat1	1.0
X_W1_Leh_100400900017_Kargil_FRice	8.28
X_W1_Leh_100400900017_Kargil_Rice	10.18
X_W1_Leh_100400900017_Kargil_Wheat1	1.0
X_W1_Leh_100400900018_Kargil_FRice	10.09
X_W1_Leh_100400900018_Kargil_Rice	13.64
X_W1_Leh_100400900018_Kargil_Wheat1	1.0
X_W1_Leh_100400900019_Kargil_FRice	3.32
X_W1_Leh_100400900019_Kargil_Rice	4.08
X_W1_Leh_100400900019_Kargil_Wheat1	1.0
X_W1_Leh_100400900020_Kargil_FRice	3.64
X_W1_Leh_100400900020_Kargil_Rice	4.48
X_W1_Leh_100400900020_Kargil_Wheat1	1.0
X_W1_Leh_100400900022_Kargil_FRice	14.37
X_W1_Leh_100400900022_Kargil_Rice	17.68
X_W1_Leh_100400900022_Kargil_Wheat1	1.0
X_W2_Kargil_100300500001_Leh_FRice	26.82
X_W2_Kargil_100300500001_Leh_Rice	26.82
X_W2_Kargil_100300500001_Leh_Wheat1	1.0
X_W2_Kargil_100301000000_Leh_FRice	26.82
X_W2_Kargil_100301000000_Leh_Rice	26.82
X_W2_Kargil_100301000000_Leh_Wheat1	1.0
X_W2_Kargil_100301100018_Leh_FRice	28.92
X_W2_Kargil_100301100018_Leh_Rice	28.92
X_W2_Kargil_100301100018_Leh_Wheat1	1.0
X_W2_Kargil_100301100019_Leh_FRice	29.0
X_W2_Kargil_100301100019_Leh_Rice	29.0
X_W2_Kargil_100301100019_Leh_Wheat1	1.0
X_W2_Kargil_100301100021_Leh_FRice	22.1
X_W2_Kargil_100301100021_Leh_Rice	22.1
X_W2_Kargil_100301100021_Leh_Wheat1	1.0
X_W2_Kargil_100400100001_Kargil_FRice	7.91
X_W2_Kargil_100400100001_Kargil_Rice	11.12
X_W2_Kargil_100400100001_Kargil_Wheat1	1.0
X_W2_Kargil_100400100003_Kargil_FRice	11.84
X_W2_Kargil_100400100003_Kargil_Rice	17.02
X_W2_Kargil_100400100003_Kargil_Wheat1	1.0
X_W2_Kargil_100400100005_Kargil_FRice	7.35
X_W2_Kargil_100400100005_Kargil_Rice	10.76
X_W2_Kargil_100400100005_Kargil_Wheat1	1.0
X_W2_Kargil_100400100011_Kargil_FRice	40.51
X_W2_Kargil_100400100011_Kargil_Rice	50.92
X_W2_Kargil_100400100011_Kargil_Wheat1	1.0
X_W2_Kargil_100400100014_Kargil_FRice	35.97
X_W2_Kargil_100400100014_Kargil_Rice	46.52
X_W2_Kargil_100400100014_Kargil_Wheat1	1.0
X_W2_Kargil_100400100015_Kargil_FRice	25.67
X_W2_Kargil_100400100015_Kargil_Rice	33.1
X_W2_Kargil_100400100015_Kargil_Wheat1	1.0
X_W2_Kargil_100400100017_Kargil_FRice	21.55
X_W2_Kargil_100400100017_Kargil_Rice	31.32
X_W2_Kargil_100400100017_Kargil_Wheat1	1.0
X_W2_Kargil_100400100018_Kargil_FRice	21.3
X_W2_Kargil_100400100018_Kargil_Rice	26.2
X_W2_Kargil_100400100018_Kargil_Wheat1	1.0
X_W2_Kargil_100400100019_Kargil_FRice	27.55
X_W2_Kargil_100400100019_Kargil_Rice	35.04
X_W2_Kargil_100400100019_Kargil_Wheat1	1.0
X_W2_Kargil_100400200001_Kargil_FRice	12.24
X_W2_Kargil_100400200001_Kargil_Rice	15.06
X_W2_Kargil_100400200001_Kargil_Wheat1	1.0
X_W2_Kargil_100400200003_Kargil_FRice	17.92
X_W2_Kargil_100400200003_Kargil_Rice	22.04
X_W2_Kargil_100400200003_Kargil_Wheat1	1.0
X_W2_Kargil_100400200006_Kargil_FRice	1.28
X_W2_Kargil_100400200006_Kargil_Rice	1.58
X_W2_Kargil_100400200006_Kargil_Wheat1	1.0
X_W2_Kargil_100400200009_Kargil_FRice	13.48
X_W2_Kargil_100400200009_Kargil_Rice	16.58
X_W2_Kargil_100400200009_Kargil_Wheat1	1.0
X_W2_Kargil_100400300001_Kargil_FRice	16.65
X_W2_Kargil_100400300001_Kargil_Rice	20.48
X_W2_Kargil_100400300001_Kargil_Wheat1	1.0
X_W2_Kargil_100400300006_Kargil_FRice	17.87
X_W2_Kargil_100400300006_Kargil_Rice	21.98
X_W2_Kargil_100400300006_Kargil_Wheat1	1.0
X_W2_Kargil_100400300009_Kargil_FRice	19.38
X_W2_Kargil_100400300009_Kargil_Rice	23.84
X_W2_Kargil_100400300009_Kargil_Wheat1	1.0
X_W2_Kargil_100400300020_Kargil_FRice	24.86
X_W2_Kargil_100400300020_Kargil_Rice	30.58
X_W2_Kargil_100400300020_Kargil_Wheat1	1.0
X_W2_Kargil_100400400003_Kargil_FRice	25.27
X_W2_Kargil_100400400003_Kargil_Rice	31.08
X_W2_Kargil_100400400003_Kargil_Wheat1	1.0
X_W2_Kargil_100400400007_Kargil_FRice	22.52
X_W2_Kargil_100400400007_Kargil_Rice	27.7
X_W2_Kargil_100400400007_Kargil_Wheat1	1.0
X_W2_Kargil_100400400012_Kargil_FRice	9.54
X_W2_Kargil_100400400012_Kargil_Rice	11.74
X_W2_Kargil_100400400012_Kargil_Wheat1	1.0
X_W2_Kargil_100400500003_Kargil_FRice	7.8
X_W2_Kargil_100400500003_Kargil_Rice	9.6
X_W2_Kargil_100400500003_Kargil_Wheat1	1.0
X_W2_Kargil_100400500007_Kargil_FRice	18.57
X_W2_Kargil_100400500007_Kargil_Rice	22.84
X_W2_Kargil_100400500007_Kargil_Wheat1	1.0
X_W2_Kargil_100400500009_Kargil_FRice	39.43
X_W2_Kargil_100400500009_Kargil_Rice	48.5
X_W2_Kargil_100400500009_Kargil_Wheat1	1.0
X_W2_Kargil_100400500015_Kargil_FRice	12.91
X_W2_Kargil_100400500015_Kargil_Rice	15.88
X_W2_Kargil_100400500015_Kargil_Wheat1	1.0
X_W2_Kargil_100400500017_Kargil_FRice	12.24
X_W2_Kargil_100400500017_Kargil_Rice	15.06
X_W2_Kargil_100400500017_Kargil_Wheat1	1.0
X_W2_Kargil_100400600010_Kargil_FRice	25.37
X_W2_Kargil_100400600010_Kargil_Rice	31.2
X_W2_Kargil_100400600010_Kargil_Wheat1	1.0
X_W2_Kargil_100400600012_Kargil_FRice	6.65
X_W2_Kargil_100400600012_Kargil_Rice	8.18
X_W2_Kargil_100400600012_Kargil_Wheat1	1.0
X_W2_Kargil_100400600017_Kargil_FRice	8.13
X_W2_Kargil_100400600017_Kargil_Rice	10.0
X_W2_Kargil_100400600017_Kargil_Wheat1	1.0
X_W2_Kargil_100400700001_Kargil_FRice	10.7
X_W2_Kargil_100400700001_Kargil_Rice	13.16
X_W2_Kargil_100400700001_Kargil_Wheat1	1.0
X_W2_Kargil_100400700032_Kargil_FRice	13.17
X_W2_Kargil_100400700032_Kargil_Rice	16.2
X_W2_Kargil_100400700032_Kargil_Wheat1	1.0
X_W2_Kargil_100400700035_Kargil_FRice	5.6899999999999995
X_W2_Kargil_100400700035_Kargil_Rice	7.0
X_W2_Kargil_100400700035_Kargil_Wheat1	1.0
X_W2_Kargil_100400800004_Kargil_FRice	12.18
X_W2_Kargil_100400800004_Kargil_Rice	14.98
X_W2_Kargil_100400800004_Kargil_Wheat1	1.0
X_W2_Kargil_100400800005_Kargil_FRice	12.02
X_W2_Kargil_100400800005_Kargil_Rice	14.78
X_W2_Kargil_100400800005_Kargil_Wheat1	1.0
X_W2_Kargil_100400800011_Kargil_FRice	4.62
X_W2_Kargil_100400800011_Kargil_Rice	5.68
X_W2_Kargil_100400800011_Kargil_Wheat1	1.0
X_W2_Kargil_100400800019_Kargil_FRice	23.04
X_W2_Kargil_100400800019_Kargil_Rice	28.34
X_W2_Kargil_100400800019_Kargil_Wheat1	1.0
X_W2_Kargil_100401000000_Kargil_FRice	10.72
X_W2_Kargil_100401000000_Kargil_Rice	13.18
X_W2_Kargil_100401000000_Kargil_Wheat1	1.0
X_W2_Kargil_100401000001_Kargil_FRice	2.68
X_W2_Kargil_100401000001_Kargil_Rice	3.3
X_W2_Kargil_100401000001_Kargil_Wheat1	1.0
X_W2_Kargil_100401000003_Kargil_FRice	4.42
X_W2_Kargil_100401000003_Kargil_Rice	5.44
X_W2_Kargil_100401000003_Kargil_Wheat1	1.0
X_W2_Kargil_100401000008_Kargil_FRice	6.02
X_W2_Kargil_100401000008_Kargil_Rice	7.4
X_W2_Kargil_100401000008_Kargil_Wheat1	1.0
